"aidCode","authors","cidCode","citations","citationsLink","didCode","documentLink","documentType","fullAttribution","lidCode","link","publication","relatedArticlesLink","resultIndex","searchMatch","source","title","type","versions","versionsLink","year"
"rwNfxzVieqIJ","R Toris, J Kammerl, DV Lu, J Lee…","rwNfxzVieqIJ","115","https://scholar.google.com/scholar?cites=11707778164420707247&as_sdt=2005&sciodt=0,5&hl=en","rwNfxzVieqIJ","https://www.researchgate.net/profile/Vladimir-Kulchitsky/post/ROS-development-Boards/attachment/59d63f1179197b807799b924/AS%3A426195230695424%401478624269199/download/rctoris_iros2015.pdf","PDF","R Toris, J Kammerl, DV Lu, J Lee… - 2015 IEEE/RSJ …, 2015 - ieeexplore.ieee.org","","https://ieeexplore.ieee.org/abstract/document/7354021/","2015 IEEE/RSJ …","https://scholar.google.com/scholar?q=related:rwNfxzVieqIJ:scholar.google.com/&scioq=user+interface+for+ros,+robotwebtools,+web+app+for+point+cloud+real-time+monitoring&hl=en&as_sdt=0,5","0","… The standard Robot Web Tools 3D user interface on multiple … types in ROS, robotics, and 
computer vision are 3D point clouds. … interface for the user, a lot of information (realtime video, …","ieeexplore.ieee.org","Robot web tools: Efficient messaging for cloud robotics","ARTICLE","6","https://scholar.google.com/scholar?cluster=11707778164420707247&hl=en&as_sdt=0,5","2015"
"j-h8Z-QgVygJ","A Ivanov, A Zakiev, T Tsoy…","j-h8Z-QgVygJ","5","https://scholar.google.com/scholar?cites=2906828249851816079&as_sdt=2005&sciodt=0,5&hl=en","j-h8Z-QgVygJ","https://www.researchgate.net/profile/Aufar-Zakiev/publication/351859061_Online_Monitoring_and_Visualization_with_ROS_and_ReactJS/links/60bdddb5458515218f9aa913/Online-Monitoring-and-Visualization-with-ROS-and-ReactJS.pdf","PDF","A Ivanov, A Zakiev, T Tsoy… - 2021 International Siberian …, 2021 - ieeexplore.ieee.org","","https://ieeexplore.ieee.org/abstract/document/9438890/","2021 International Siberian …","https://scholar.google.com/scholar?q=related:j-h8Z-QgVygJ:scholar.google.com/&scioq=user+interface+for+ros,+robotwebtools,+web+app+for+point+cloud+real-time+monitoring&hl=en&as_sdt=0,5","1","… playback and visualize ROS bag files or robots in real-time. It … connection and roslibjs from 
RobotWebTools [26]. Provided … In order for the web app to connect to ROS, React-ros library …","ieeexplore.ieee.org","Online monitoring and visualization with ros and reactjs","ARTICLE","3","https://scholar.google.com/scholar?cluster=2906828249851816079&hl=en&as_sdt=0,5","2021"
"MJ98d-54iJwJ","JZ Lim","MJ98d-54iJwJ","0","N/A","MJ98d-54iJwJ","http://eprints.utar.edu.my/3398/1/3E-2019-1404840-1.pdf","PDF","JZ Lim - 2019 - eprints.utar.edu.my","","http://eprints.utar.edu.my/3398/1/3E-2019-1404840-1.pdf","N/A","https://scholar.google.com/scholar?q=related:MJ98d-54iJwJ:scholar.google.com/&scioq=user+interface+for+ros,+robotwebtools,+web+app+for+point+cloud+real-time+monitoring&hl=en&as_sdt=0,5","2","… who are expert in web application development. RWT … transform, image and point cloud. 
Bandwidth requirement for … of cloud computing infrastructure while keeping real-time response …","eprints.utar.edu.my","Cloud Based Ros Implementation for Indoor Robot","PDF","0","N/A","2019"
"a889u49jtfcJ","A Koubaa, M Alajlan, B Qureshi","a889u49jtfcJ","63","https://scholar.google.com/scholar?cites=17849282167125692267&as_sdt=2005&sciodt=0,5&hl=en","a889u49jtfcJ","N/A","N/A","A Koubaa, M Alajlan, B Qureshi - Robot Operating System (ROS) The …, 2017 - Springer","","https://link.springer.com/chapter/10.1007/978-3-319-54927-9_8","Robot Operating System (ROS) The …","https://scholar.google.com/scholar?q=related:a889u49jtfcJ:scholar.google.com/&scioq=user+interface+for+ros,+robotwebtools,+web+app+for+point+cloud+real-time+monitoring&hl=en&as_sdt=0,5","3","… is the lack of ROS functionality in monitoring and controlling … choice for real-time and 
loss-tolerant streaming applications as … Web Tools (RWT) [14] interfacing robots running the ROS. …","Springer","ROSLink: bridging ROS with the internet-of-things for cloud robotics","ARTICLE","3","https://scholar.google.com/scholar?cluster=17849282167125692267&hl=en&as_sdt=0,5","2017"
"iWqbrWavzjcJ","L Sheng, F MATSUSHITA","iWqbrWavzjcJ","0","N/A","iWqbrWavzjcJ","https://www.jstage.jst.go.jp/article/jsceiiai/4/2/4_60/_html/-char/en","HTML","L Sheng, F MATSUSHITA - Intelligence, Informatics and …, 2023 - jstage.jst.go.jp","","https://www.jstage.jst.go.jp/article/jsceiiai/4/2/4_60/_html/-char/en","Intelligence, Informatics and …","https://scholar.google.com/scholar?q=related:iWqbrWavzjcJ:scholar.google.com/&scioq=user+interface+for+ros,+robotwebtools,+web+app+for+point+cloud+real-time+monitoring&hl=en&as_sdt=0,5","4","… user interface (UI) that ensures smooth HRI, and a web-based … , laser scans, and point 
clouds. Both libraries utilize roslibjs … , giving insights to real-time machine performance, location, …","jstage.jst.go.jp","The design of a web-based master system for robot control with ROS environment","HTML","3","https://scholar.google.com/scholar?cluster=4021344372822600329&hl=en&as_sdt=0,5","2023"
"Ali0fIamU9oJ","LO Russo, S Rosa, M Maggiora, B Bona","Ali0fIamU9oJ","22","https://scholar.google.com/scholar?cites=15732101019883296770&as_sdt=2005&sciodt=0,5&hl=en","Ali0fIamU9oJ","https://www.mdpi.com/1424-8220/16/8/1255","HTML","LO Russo, S Rosa, M Maggiora, B Bona - Sensors, 2016 - mdpi.com","","https://www.mdpi.com/1424-8220/16/8/1255","Sensors","https://scholar.google.com/scholar?q=related:Ali0fIamU9oJ:scholar.google.com/&scioq=user+interface+for+ros,+robotwebtools,+web+app+for+point+cloud+real-time+monitoring&hl=en&as_sdt=0,5","5","… client user interface for system management. From the … the client has been developed over 
the Robot Web Tools [50]. … values that we use in our modified ROS implementation of the …","mdpi.com","A novel cloud-based service robotics application to data center environmental monitoring","HTML","15","https://scholar.google.com/scholar?cluster=15732101019883296770&hl=en&as_sdt=0,5","2016"
"BpU_ttvs2y4J","VS Lindrup","BpU_ttvs2y4J","0","N/A","BpU_ttvs2y4J","https://ntnuopen.ntnu.no/ntnu-xmlui/bitstream/handle/11250/2403563/14466_FULLTEXT.pdf?sequence=1","PDF","VS Lindrup - 2016 - ntnuopen.ntnu.no","","https://ntnuopen.ntnu.no/ntnu-xmlui/handle/11250/2403563","N/A","https://scholar.google.com/scholar?q=related:BpU_ttvs2y4J:scholar.google.com/&scioq=user+interface+for+ros,+robotwebtools,+web+app+for+point+cloud+real-time+monitoring&hl=en&as_sdt=0,5","6","… 3 is a rigid body real-time simulator with good interfaces to ROS. A … This node will subscribe 
to point cloud messages … is a ROS package created by the Robot Web Tools community. In …","ntnuopen.ntnu.no","Robotic Maintenance and ROS-Appearance Based SLAM and Navigation With a Mobile Robot Prototype","ARTICLE","2","https://scholar.google.com/scholar?cluster=3376552774043931910&hl=en&as_sdt=0,5","2016"
"oTtCS67GkWEJ","R Tommy, AN Manaparampil, R Michael","oTtCS67GkWEJ","0","N/A","oTtCS67GkWEJ","N/A","N/A","R Tommy, AN Manaparampil, R Michael - 2022 - books.google.com","","https://books.google.com/books?hl=en&lr=&id=NZllEAAAQBAJ&oi=fnd&pg=PP27&dq=user+interface+for+ros,+robotwebtools,+web+app+for+point+cloud+real-time+monitoring&ots=B9udeJ677B&sig=H_5jq4DW_pitRADZIgyWZFD-jlQ","N/A","https://scholar.google.com/scholar?q=related:oTtCS67GkWEJ:scholar.google.com/&scioq=user+interface+for+ros,+robotwebtools,+web+app+for+point+cloud+real-time+monitoring&hl=en&as_sdt=0,5","7","… is the lack of a user interface (for non-ROS users). In this … , web applications, and artificial 
intelligence to control the robot. … Here, Robot Web Tools CDN are used. The files can also be …","books.google.com","Building Smart Robots Using ROS: Design, Build, Simulate, Prototype and Control Smart Robots Using ROS, Machine Learning and React Native Platform","BOOK","4","https://scholar.google.com/scholar?cluster=7030618945191295905&hl=en&as_sdt=0,5","2022"
"NsoRUBs5qdYJ","JFN Cerqueira","NsoRUBs5qdYJ","0","N/A","NsoRUBs5qdYJ","https://repositorio-aberto.up.pt/bitstream/10216/151968/2/636715.pdf","PDF","JFN Cerqueira - 2023 - repositorio-aberto.up.pt","","https://repositorio-aberto.up.pt/bitstream/10216/151968/2/636715.pdf","N/A","https://scholar.google.com/scholar?q=related:NsoRUBs5qdYJ:scholar.google.com/&scioq=user+interface+for+ros,+robotwebtools,+web+app+for+point+cloud+real-time+monitoring&hl=en&as_sdt=0,5","8","… robot with little to no latency, resulting in real-time interaction. … of the creation of Robot Web 
Tools, including the reasons for … the user interface and roslibjs to communicate with the ROS …","repositorio-aberto.up.pt","Web-based user interface development for multiple robots interaction","PDF","2","https://scholar.google.com/scholar?cluster=15467957184650922550&hl=en&as_sdt=0,5","2023"
"jLwY3Cnkit8J","AJ Gradil","jLwY3Cnkit8J","1","https://scholar.google.com/scholar?cites=16107937885681400972&as_sdt=2005&sciodt=0,5&hl=en","jLwY3Cnkit8J","https://estudogeral.uc.pt/bitstream/10316/81593/1/Dissertacao%20Andre%20Gradil.pdf","PDF","AJ Gradil - 2016 - estudogeral.uc.pt","","https://estudogeral.uc.pt/handle/10316/81593","N/A","https://scholar.google.com/scholar?q=related:jLwY3Cnkit8J:scholar.google.com/&scioq=user+interface+for+ros,+robotwebtools,+web+app+for+point+cloud+real-time+monitoring&hl=en&as_sdt=0,5","9","… on the design and development of a ROS-based remote 3D … of a great variety of applications, 
RobotWebTools [26] created … to see both RGB messages and point clouds in a HTML <…","estudogeral.uc.pt","Development of a Remote 3D Visualisation, Control and Simulation Framework for a Robotic Head","ARTICLE","3","https://scholar.google.com/scholar?cluster=16107937885681400972&hl=en&as_sdt=0,5","2016"
"ZHMgJGUBzk8J","O Saha, P Dasgupta","ZHMgJGUBzk8J","147","https://scholar.google.com/scholar?cites=5750535308108133220&as_sdt=2005&sciodt=0,5&hl=en","ZHMgJGUBzk8J","https://www.mdpi.com/2218-6581/7/3/47","HTML","O Saha, P Dasgupta - Robotics, 2018 - mdpi.com","","https://www.mdpi.com/2218-6581/7/3/47","Robotics","https://scholar.google.com/scholar?q=related:ZHMgJGUBzk8J:scholar.google.com/&scioq=user+interface+for+ros,+robotwebtools,+web+app+for+point+cloud+real-time+monitoring&hl=en&as_sdt=0,5","10","… Robot Web tools were compared against standard ROS … subscriptions and transferring point 
cloud streams, and … for developing real-time disaster management applications on the cloud-…","mdpi.com","A comprehensive survey of recent trends in cloud robotics architectures and applications","HTML","7","https://scholar.google.com/scholar?cluster=5750535308108133220&hl=en&as_sdt=0,5","2018"
"sf6vwNhKAyUJ","R Franco-Vera","sf6vwNhKAyUJ","0","N/A","sf6vwNhKAyUJ","N/A","N/A","R Franco-Vera - 2020 - search.proquest.com","","https://search.proquest.com/openview/7e629508e7c6d9f2397477c34c9fef96/1?pq-origsite=gscholar&cbl=18750&diss=y","N/A","https://scholar.google.com/scholar?q=related:sf6vwNhKAyUJ:scholar.google.com/&scioq=user+interface+for+ros,+robotwebtools,+web+app+for+point+cloud+real-time+monitoring&hl=en&as_sdt=0,5","11","… robot to the user interface, the ROS roslib libraries must be … The ROS packages allow for 
real-time communication with … the HTML code to the Robot Web Tools. The v2 Camera Module …","search.proquest.com","Programmable Platform for Remote Control of Mobile Robots","ARTICLE","0","N/A","2020"
"vFzvGwAFjXMJ","D Roldán-Álvarez, JM Cañas, D Valladares…","vFzvGwAFjXMJ","2","https://scholar.google.com/scholar?cites=8326316784104725692&as_sdt=2005&sciodt=0,5&hl=en","vFzvGwAFjXMJ","N/A","N/A","D Roldán-Álvarez, JM Cañas, D Valladares… - … Tools and Applications, 2023 - Springer","","https://link.springer.com/article/10.1007/s11042-023-17514-z","… Tools and Applications","https://scholar.google.com/scholar?q=related:vFzvGwAFjXMJ:scholar.google.com/&scioq=user+interface+for+ros,+robotwebtools,+web+app+for+point+cloud+real-time+monitoring&hl=en&as_sdt=0,5","12","… It uses Moodle, VirtualBox, html, and RobotWebTools as its … of the scene, namely a point 
cloud, from visual information coming … reducing the amount of real-time coding of the solution for …","Springer","Unibotics: open ROS-based online framework for practical learning of robotics in higher education","ARTICLE","0","N/A","2023"
"4j1-BPx8-FAJ","K Muñoz Peña, B Bacca Cortés","4j1-BPx8-FAJ","6","https://scholar.google.com/scholar?cites=5834550739107462626&as_sdt=2005&sciodt=0,5&hl=en","4j1-BPx8-FAJ","http://www.scielo.org.co/scielo.php?pid=S0124-81702020000100059&script=sci_arttext","HTML","K Muñoz Peña, B Bacca Cortés - Ciencia E Ingenieria Neogranadina, 2020 - scielo.org.co","","http://www.scielo.org.co/scielo.php?pid=S0124-81702020000100059&script=sci_arttext","Ciencia E Ingenieria Neogranadina","https://scholar.google.com/scholar?q=related:4j1-BPx8-FAJ:scholar.google.com/&scioq=user+interface+for+ros,+robotwebtools,+web+app+for+point+cloud+real-time+monitoring&hl=en&as_sdt=0,5","13","… goals, showing users the path to their goals and its real-time … and all sensor topics (laser and 
point cloud). Finally, the server-… protocol to provide the ROS functionalities for this work such …","scielo.org.co","GUI3DXBot: an interactive software tool for a tour-guide mobile robot","HTML","9","https://scholar.google.com/scholar?cluster=5834550739107462626&hl=en&as_sdt=0,5","2020"
"pTEs5CZ7q7MJ","N Castaman, J Burke, E Menegatti","pTEs5CZ7q7MJ","0","N/A","pTEs5CZ7q7MJ","https://www.aisl.cs.tut.ac.jp/ws-rph/pdf/RPH-2018_paper_4.pdf","PDF","N Castaman, J Burke, E Menegatti - Workshop Proceedings of the …, 2018 - aisl.cs.tut.ac.jp","","https://www.aisl.cs.tut.ac.jp/ws-rph/pdf/RPH-2018_paper_4.pdf","Workshop Proceedings of the …","https://scholar.google.com/scholar?q=related:pTEs5CZ7q7MJ:scholar.google.com/&scioq=user+interface+for+ros,+robotwebtools,+web+app+for+point+cloud+real-time+monitoring&hl=en&as_sdt=0,5","14","… hand, the user interface is realized as a web application using … in real time exploiting some 
open-source libraries such as ROS[… The Robot Web Tools exposes ROS but does not provide …","aisl.cs.tut.ac.jp","A Novel User Interface for OpenPTrack based on Web Technologies","PDF","4","https://scholar.google.com/scholar?cluster=12946576960773697957&hl=en&as_sdt=0,5","2018"
"Mp4Humi33G0J","ML Aarizou, NE Berrached","Mp4Humi33G0J","8","https://scholar.google.com/scholar?cites=7916403905436032562&as_sdt=2005&sciodt=0,5&hl=en","Mp4Humi33G0J","N/A","N/A","ML Aarizou, NE Berrached - … Journal of Control, Automation and Systems, 2019 - Springer","","https://link.springer.com/article/10.1007/s12555-018-0047-4","… Journal of Control, Automation and Systems","https://scholar.google.com/scholar?q=related:Mp4Humi33G0J:scholar.google.com/&scioq=user+interface+for+ros,+robotwebtools,+web+app+for+point+cloud+real-time+monitoring&hl=en&as_sdt=0,5","15","… used for creating web-based real-time telerobotic applications; … The Robot Web Tools (RWT) 
project [4] from ROS was … point clouds) and user interactivity (interactive markers [5]). The …","Springer","ROS-based telerobotic application for transmitting high-bandwidth kinematic data over a limited network","ARTICLE","2","https://scholar.google.com/scholar?cluster=7916403905436032562&hl=en&as_sdt=0,5","2019"
"jiRqK-r30egJ","G Mehrooz, P Schneider-Kamp","jiRqK-r30egJ","2","https://scholar.google.com/scholar?cites=16776462672054592654&as_sdt=2005&sciodt=0,5&hl=en","jiRqK-r30egJ","N/A","N/A","G Mehrooz, P Schneider-Kamp - 2021 10th Mediterranean …, 2021 - ieeexplore.ieee.org","","https://ieeexplore.ieee.org/abstract/document/9460136/","2021 10th Mediterranean …","https://scholar.google.com/scholar?q=related:jiRqK-r30egJ:scholar.google.com/&scioq=user+interface+for+ros,+robotwebtools,+web+app+for+point+cloud+real-time+monitoring&hl=en&as_sdt=0,5","16","… the drones in real time. The overall architecture of the … configuration required by ROS and 
the other Internet of Things(… a webaccess user interface for robots. They have implemented a …","ieeexplore.ieee.org","Web application for planning, monitoring, and controlling autonomous inspection drones","ARTICLE","4","https://scholar.google.com/scholar?cluster=16776462672054592654&hl=en&as_sdt=0,5","2021"
"4wG0Ly5sSNMJ","A Sidiropoulos, V Sidiropoulos, D Bechtsis…","4wG0Ly5sSNMJ","1","https://scholar.google.com/scholar?cites=15224537485950583267&as_sdt=2005&sciodt=0,5&hl=en","4wG0Ly5sSNMJ","https://www.daaam.info/Downloads/Pdfs/proceedings/proceedings_2021/087.pdf","PDF","A Sidiropoulos, V Sidiropoulos, D Bechtsis… - Annals of DAAAM & …, 2021 - daaam.info","","https://www.daaam.info/Downloads/Pdfs/proceedings/proceedings_2021/087.pdf","Annals of DAAAM & …","https://scholar.google.com/scholar?q=related:4wG0Ly5sSNMJ:scholar.google.com/&scioq=user+interface+for+ros,+robotwebtools,+web+app+for+point+cloud+real-time+monitoring&hl=en&as_sdt=0,5","17","… Moreover, an online monitoring tool based on ROS and ReactJS has been developed and … 
Graphical User Interface (GUI) as they were able to change the executed tasks in real-time [14…","daaam.info","AN INDUSTRY 4.0 TOOL TO ENHANCE HUMAN-ROBOT COLLABORATION.","PDF","4","https://scholar.google.com/scholar?cluster=15224537485950583267&hl=en&as_sdt=0,5","2021"
"anwG8cZ2bJIJ","DB Adbullah, MR Mohammed","anwG8cZ2bJIJ","0","N/A","anwG8cZ2bJIJ","N/A","N/A","DB Adbullah, MR Mohammed - 2022 8th International …, 2022 - ieeexplore.ieee.org","","https://ieeexplore.ieee.org/abstract/document/10031975/","2022 8th International …","https://scholar.google.com/scholar?q=related:anwG8cZ2bJIJ:scholar.google.com/&scioq=user+interface+for+ros,+robotwebtools,+web+app+for+point+cloud+real-time+monitoring&hl=en&as_sdt=0,5","18","… System (ROS) supplied robot interfaces and algorithms. … for round trip times during point 
cloud transfer utilizing UDP, TCP, … cloud-enabled robotics system for real-time video tracking …","ieeexplore.ieee.org","A Survey on Real Time Cloud-based Robotics Systems","ARTICLE","0","N/A","2022"
"4uVe2mOElaYJ","D Whitney, E Rosen, D Ullman…","4uVe2mOElaYJ","107","https://scholar.google.com/scholar?cites=12003645946226206178&as_sdt=2005&sciodt=0,5&hl=en","4uVe2mOElaYJ","https://h2r.cs.brown.edu/wp-content/uploads/whitney18.pdf","PDF","D Whitney, E Rosen, D Ullman… - 2018 IEEE/RSJ …, 2018 - ieeexplore.ieee.org","","https://ieeexplore.ieee.org/abstract/document/8593513/","2018 IEEE/RSJ …","https://scholar.google.com/scholar?q=related:4uVe2mOElaYJ:scholar.google.com/&scioq=user+interface+for+ros,+robotwebtools,+web+app+for+point+cloud+real-time+monitoring&hl=en&as_sdt=0,5","19","… The color and depth image are built into a point cloud in … able to watch the robot move 
in real time, but have not yet set … Robot web tools: Efficient messaging for cloud robotics. In …","ieeexplore.ieee.org","Ros reality: A virtual reality framework using consumer-grade hardware for ros-enabled robots","ARTICLE","10","https://scholar.google.com/scholar?cluster=12003645946226206178&hl=en&as_sdt=0,5","2018"
"WFgImXBlkZYJ","CL Fok, F Sun, M Mangum, A Mok, B He…","WFgImXBlkZYJ","5","https://scholar.google.com/scholar?cites=10849564511590439000&as_sdt=2005&sciodt=0,5&hl=en","WFgImXBlkZYJ","https://arxiv.org/pdf/1607.05402","PDF","CL Fok, F Sun, M Mangum, A Mok, B He… - arXiv preprint arXiv …, 2016 - arxiv.org","","https://arxiv.org/abs/1607.05402","arXiv preprint arXiv …","https://scholar.google.com/scholar?q=related:WFgImXBlkZYJ:scholar.google.com/&scioq=user+interface+for+ros,+robotwebtools,+web+app+for+point+cloud+real-time+monitoring&hl=en&as_sdt=0,5","20","… Web Tools and provides software abstractions for supporting interactive markers, point cloud 
… and ROS messages and thereby connects web browsers to ROS. However, CARL does not …","arxiv.org","Web based teleoperation of a humanoid robot","ARTICLE","3","https://scholar.google.com/scholar?cluster=10849564511590439000&hl=en&as_sdt=0,5","2016"
"jl1cnZtixE8J","J Hautamäki","jl1cnZtixE8J","2","https://scholar.google.com/scholar?cites=5747827444931124622&as_sdt=2005&sciodt=0,5&hl=en","jl1cnZtixE8J","https://trepo.tuni.fi/bitstream/handle/10024/133775/Hautam%C3%A4kiJaakko.pdf?sequence=5","PDF","J Hautamäki - 2021 - trepo.tuni.fi","","https://trepo.tuni.fi/handle/10024/133775","N/A","https://scholar.google.com/scholar?q=related:jl1cnZtixE8J:scholar.google.com/&scioq=user+interface+for+ros,+robotwebtools,+web+app+for+point+cloud+real-time+monitoring&hl=en&as_sdt=0,5","21","… generation of ROS, as opposed to ROS2, while ROS is used … , such as camera, point cloud, 
laser scan and coordinate frame … ROS2 documentation includes a brief tutorial on real-time …","trepo.tuni.fi","Interfacing extended reality and robotic operating system 2","ARTICLE","0","N/A","2021"
"wXyu-NV-WOYJ","I Diddeniya, I Wanniarachchi, H Gunasinghe…","wXyu-NV-WOYJ","4","https://scholar.google.com/scholar?cites=16598155884139281601&as_sdt=2005&sciodt=0,5&hl=en","wXyu-NV-WOYJ","https://ieeexplore.ieee.org/iel7/6287639/9668973/09795273.pdf","PDF","I Diddeniya, I Wanniarachchi, H Gunasinghe… - Ieee …, 2022 - ieeexplore.ieee.org","","https://ieeexplore.ieee.org/abstract/document/9795273/","Ieee …","https://scholar.google.com/scholar?q=related:wXyu-NV-WOYJ:scholar.google.com/&scioq=user+interface+for+ros,+robotwebtools,+web+app+for+point+cloud+real-time+monitoring&hl=en&as_sdt=0,5","22","… Web Tools is an efficient messaging technique for cloud … in ROS for web based robot-user 
communication. It enables … 2D point clouds are represented as a grid, and 3D point clouds are …","ieeexplore.ieee.org","Human–robot communication system for an isolated environment","ARTICLE","10","https://scholar.google.com/scholar?cluster=16598155884139281601&hl=en&as_sdt=0,5","2022"
"m6HXn_A-u3MJ","W Hilton, DM Lofaro, Y Kim","m6HXn_A-u3MJ","5","https://scholar.google.com/scholar?cites=8339328338201387419&as_sdt=2005&sciodt=0,5&hl=en","m6HXn_A-u3MJ","N/A","N/A","W Hilton, DM Lofaro, Y Kim - 2014 IEEE/RSJ International …, 2014 - ieeexplore.ieee.org","","https://ieeexplore.ieee.org/abstract/document/6942764/","2014 IEEE/RSJ International …","https://scholar.google.com/scholar?q=related:m6HXn_A-u3MJ:scholar.google.com/&scioq=user+interface+for+ros,+robotwebtools,+web+app+for+point+cloud+real-time+monitoring&hl=en&as_sdt=0,5","23","… with a 3D model of the rover that is driven in real time by the … web interface for robots is 
ros3d.js from the Robot Web Tools … to make web interfaces that interact with remote ROSenabled …","ieeexplore.ieee.org","A lightweight, cross-platform, multiuser robot visualization using the cloud","ARTICLE","2","https://scholar.google.com/scholar?cluster=8339328338201387419&hl=en&as_sdt=0,5","2014"
"7jt6j0-wMzsJ","KS Sikand, L Zartman, S Rabiee…","7jt6j0-wMzsJ","18","https://scholar.google.com/scholar?cites=4265947127806049262&as_sdt=2005&sciodt=0,5&hl=en","7jt6j0-wMzsJ","https://arxiv.org/pdf/2103.06993","PDF","KS Sikand, L Zartman, S Rabiee… - 2021 IEEE/RSJ …, 2021 - ieeexplore.ieee.org","","https://ieeexplore.ieee.org/abstract/document/9635830/","2021 IEEE/RSJ …","https://scholar.google.com/scholar?q=related:7jt6j0-wMzsJ:scholar.google.com/&scioq=user+interface+for+ros,+robotwebtools,+web+app+for+point+cloud+real-time+monitoring&hl=en&as_sdt=0,5","24","… Web Tools [3], Rosbridge [4], and the native inter-process communication of Robot Operating 
System (ROS… experiment where a single robot client sent point cloud messages at 5 Hz to a …","ieeexplore.ieee.org","Robofleet: Open source communication and management for fleets of autonomous robots","ARTICLE","7","https://scholar.google.com/scholar?cluster=4265947127806049262&hl=en&as_sdt=0,5","2021"
"uCXvTEnOsdgJ","B Xu, J Bian","uCXvTEnOsdgJ","16","https://scholar.google.com/scholar?cites=15614488197288895928&as_sdt=2005&sciodt=0,5&hl=en","uCXvTEnOsdgJ","N/A","N/A","B Xu, J Bian - Proceedings of the 2020 1st International Conference …, 2020 - dl.acm.org","","https://dl.acm.org/doi/abs/10.1145/3437802.3437805","Proceedings of the 2020 1st International Conference …","https://scholar.google.com/scholar?q=related:uCXvTEnOsdgJ:scholar.google.com/&scioq=user+interface+for+ros,+robotwebtools,+web+app+for+point+cloud+real-time+monitoring&hl=en&as_sdt=0,5","25","… With the help of Robot Operating System (ROS), we can use … and will display a set of user 
interfaces (UIs) for convenient … offered by Robot Web Tools [18] are used on this web page, …","dl.acm.org","A cloud robotic application platform design based on the microservices architecture","ARTICLE","0","N/A","2020"
"fMWSZ889nwgJ","E Cervera, P Martinet, R Marin, AA Moughlbay…","fMWSZ889nwgJ","19","https://scholar.google.com/scholar?cites=621283234605614460&as_sdt=2005&sciodt=0,5&hl=en","fMWSZ889nwgJ","https://repositori.uji.es/xmlui/bitstream/handle/10234/160058/72594.pdf?sequence=1","PDF","E Cervera, P Martinet, R Marin, AA Moughlbay… - Journal of Intelligent & …, 2016 - Springer","","https://link.springer.com/article/10.1007/s10846-015-0201-7","Journal of Intelligent & …","https://scholar.google.com/scholar?q=related:fMWSZ889nwgJ:scholar.google.com/&scioq=user+interface+for+ros,+robotwebtools,+web+app+for+point+cloud+real-time+monitoring&hl=en&as_sdt=0,5","26","… This laboratory uses Robot Web Tools [3], a collection of … can connect to ROS systems all 
over the Internet, we aim to … Real-time markerless tracking for augmented reality: the virtual …","Springer","The robot programming network","ARTICLE","17","https://scholar.google.com/scholar?cluster=621283234605614460&hl=en&as_sdt=0,5","2016"
"vVme8F56tr4J","J Park, R Delgado, BW Choi","vVme8F56tr4J","44","https://scholar.google.com/scholar?cites=13742305861150071229&as_sdt=2005&sciodt=0,5&hl=en","vVme8F56tr4J","https://ieeexplore.ieee.org/iel7/6287639/6514899/09172073.pdf","PDF","J Park, R Delgado, BW Choi - Ieee Access, 2020 - ieeexplore.ieee.org","","https://ieeexplore.ieee.org/abstract/document/9172073/","Ieee Access","https://scholar.google.com/scholar?q=related:vVme8F56tr4J:scholar.google.com/&scioq=user+interface+for+ros,+robotwebtools,+web+app+for+point+cloud+real-time+monitoring&hl=en&as_sdt=0,5","27","… to verify the suitability of ROS 2.0 for real-world applications. Our results show that the 
application of ROS 2.0 is more suitable than that of ROS 1.0 in terms of real-time performance. …","ieeexplore.ieee.org","Real-time characteristics of ROS 2.0 in multiagent robot systems: an empirical study","ARTICLE","4","https://scholar.google.com/scholar?cluster=13742305861150071229&hl=en&as_sdt=0,5","2020"
"4mBl4y3YJnUJ","C Delea, E Coccolo, SF Covarrubias…","4mBl4y3YJnUJ","6","https://scholar.google.com/scholar?cites=8441672243152773346&as_sdt=2005&sciodt=0,5&hl=en","4mBl4y3YJnUJ","https://www.researchgate.net/profile/Cosmin-Delea/publication/352637426_Communication_Infrastructure_and_Cloud_Computing_in_Robotic_Vessel_as-a-Service_Application/links/61a4c8a68c253c45f695e1cc/Communication-Infrastructure-and-Cloud-Computing-in-Robotic-Vessel-as-a-Service-Application.pdf","PDF","C Delea, E Coccolo, SF Covarrubias… - Global Oceans 2020 …, 2020 - ieeexplore.ieee.org","","https://ieeexplore.ieee.org/abstract/document/9389285/","Global Oceans 2020 …","https://scholar.google.com/scholar?q=related:4mBl4y3YJnUJ:scholar.google.com/&scioq=user+interface+for+ros,+robotwebtools,+web+app+for+point+cloud+real-time+monitoring&hl=en&as_sdt=0,5","28","… the robotic application expands to web applications, as proven … monitoring station and a 
real-time web-based user interface. … (ROS) compliant robotics, the Robot Web Tools project [6] …","ieeexplore.ieee.org","Communication infrastructure and cloud computing in robotic vessel as-a-service application","ARTICLE","7","https://scholar.google.com/scholar?cluster=8441672243152773346&hl=en&as_sdt=0,5","2020"
"IKRykqY18FIJ","SSH Hajjaj, KSM Sahari","IKRykqY18FIJ","29","https://scholar.google.com/scholar?cites=5976335695058478112&as_sdt=2005&sciodt=0,5&hl=en","IKRykqY18FIJ","https://journals.sagepub.com/doi/pdf/10.1177/1729881417703355","PDF","SSH Hajjaj, KSM Sahari - International Journal of Advanced …, 2017 - journals.sagepub.com","","https://journals.sagepub.com/doi/abs/10.1177/1729881417703355","International Journal of Advanced …","https://scholar.google.com/scholar?q=related:IKRykqY18FIJ:scholar.google.com/&scioq=user+interface+for+ros,+robotwebtools,+web+app+for+point+cloud+real-time+monitoring&hl=en&as_sdt=0,5","29","… ROS operations (eg robot operations, sensor management, … , the web application interacting 
with ROS, which utilizes the ROS.… These include RoboEarth, RobotWebTools, and others. In …","journals.sagepub.com","Establishing remote networks for ROS applications via Port Forwarding: A detailed tutorial","ARTICLE","3","https://scholar.google.com/scholar?cluster=5976335695058478112&hl=en&as_sdt=0,5","2017"
"NeOxzCQDOK4J","Y Wu, Y Zhang, H Hu, Y Liu","NeOxzCQDOK4J","1","https://scholar.google.com/scholar?cites=12553787417883173685&as_sdt=2005&sciodt=0,5&hl=en","NeOxzCQDOK4J","https://www.cloudrobotics.info/files/papers/ICCR17_paper_7.pdf","PDF","Y Wu, Y Zhang, H Hu, Y Liu - 2010 - cloudrobotics.info","","https://www.cloudrobotics.info/files/papers/ICCR17_paper_7.pdf","N/A","https://scholar.google.com/scholar?q=related:NeOxzCQDOK4J:scholar.google.com/&scioq=user+interface+for+ros,+robotwebtools,+web+app+for+point+cloud+real-time+monitoring&hl=en&as_sdt=0,5","30","… the user-end side’s user can access the robot’s real-time kinematic … When the mapping 
process is finished, the 3D point cloud … Web Tools(RWT) tools which can converge ROS and web …","cloudrobotics.info","A Visual SLAM Navigation System Based on Cloud Robotics","PDF","0","N/A","2010"
"5TMbvA7J214J","M Mortimer, B Horan, M Seyedmahmoudian","5TMbvA7J214J","11","https://scholar.google.com/scholar?cites=6835277924587484133&as_sdt=2005&sciodt=0,5&hl=en","5TMbvA7J214J","https://www.mdpi.com/1424-8220/17/3/587","HTML","M Mortimer, B Horan, M Seyedmahmoudian - Sensors, 2017 - mdpi.com","","https://www.mdpi.com/1424-8220/17/3/587","Sensors","https://scholar.google.com/scholar?q=related:5TMbvA7J214J:scholar.google.com/&scioq=user+interface+for+ros,+robotwebtools,+web+app+for+point+cloud+real-time+monitoring&hl=en&as_sdt=0,5","31","… ROS package that provides an interface for viewing different sensory information such as 
camera vision, laser scan, and other point cloud … teleoperator can be in real-time, the focus of …","mdpi.com","Building a relationship between robot characteristics and teleoperation user interfaces","HTML","13","https://scholar.google.com/scholar?cluster=6835277924587484133&hl=en&as_sdt=0,5","2017"
"B42ejzhIwoQJ","A Manzi, L Fiorini, R Limosani, P Sincak…","B42ejzhIwoQJ","22","https://scholar.google.com/scholar?cites=9566287966253255943&as_sdt=2005&sciodt=0,5&hl=en","B42ejzhIwoQJ","https://www.iris.sssup.it/bitstream/11382/513576/1/C034%20-%20CloudNet%20Use%20Cases.pdf","PDF","A Manzi, L Fiorini, R Limosani, P Sincak… - … on Cloud …, 2016 - ieeexplore.ieee.org","","https://ieeexplore.ieee.org/abstract/document/7776604/","… on Cloud …","https://scholar.google.com/scholar?q=related:B42ejzhIwoQJ:scholar.google.com/&scioq=user+interface+for+ros,+robotwebtools,+web+app+for+point+cloud+real-time+monitoring&hl=en&as_sdt=0,5","32","… Robot Web Tools (RWT) [19], which aims to converge ROS and … We have monitored our 
system to evaluate the real-time … the use of this system to exchange bigger data, like point clouds …","ieeexplore.ieee.org","Use case evaluation of a cloud robotics teleoperation system (short paper)","ARTICLE","5","https://scholar.google.com/scholar?cluster=9566287966253255943&hl=en&as_sdt=0,5","2016"
"Znxk6uh8_lkJ","P Galambos","Znxk6uh8_lkJ","52","https://scholar.google.com/scholar?cites=6484757853266803814&as_sdt=2005&sciodt=0,5&hl=en","Znxk6uh8_lkJ","https://www.academia.edu/download/110745273/MSMC.2018.288123320240123-1-3o05ia.pdf","PDF","P Galambos - IEEE Systems, Man, and Cybernetics Magazine, 2020 - ieeexplore.ieee.org","","https://ieeexplore.ieee.org/abstract/document/8960619/","IEEE Systems, Man, and Cybernetics Magazine","https://scholar.google.com/scholar?q=related:Znxk6uh8_lkJ:scholar.google.com/&scioq=user+interface+for+ros,+robotwebtools,+web+app+for+point+cloud+real-time+monitoring&hl=en&as_sdt=0,5","33","… ROS as the backbone for cloudpowered setups [5], [6]. Among the numerous workarounds, 
Rosbridge [7], [8] and RobotWebTools … and requirements of real-time operation. Figure 2 …","ieeexplore.ieee.org","Cloud, fog, and mist computing: Advanced robot applications","ARTICLE","0","N/A","2020"
"ixHi1gmiTWUJ","JM Cañas, D Martín-Martín, P Arias, J Vega…","ixHi1gmiTWUJ","34","https://scholar.google.com/scholar?cites=7299668734180987275&as_sdt=2005&sciodt=0,5&hl=en","ixHi1gmiTWUJ","https://www.mdpi.com/2079-9292/9/12/2163","HTML","JM Cañas, D Martín-Martín, P Arias, J Vega… - Electronics, 2020 - mdpi.com","","https://www.mdpi.com/2079-9292/9/12/2163","Electronics","https://scholar.google.com/scholar?q=related:ixHi1gmiTWUJ:scholar.google.com/&scioq=user+interface+for+ros,+robotwebtools,+web+app+for+point+cloud+real-time+monitoring&hl=en&as_sdt=0,5","34","… ROS code in a web browser and run it in the robot on the server-side with a single click. It uses 
Moodle, VirtualBox, HTML, and Robot Web Tools as … Pattern recognition in real-time is the …","mdpi.com","Open-source drone programming course for distance engineering education","HTML","9","https://scholar.google.com/scholar?cluster=7299668734180987275&hl=en&as_sdt=0,5","2020"
"7KomPKjXATsJ","BMM Stefanuto","7KomPKjXATsJ","0","N/A","7KomPKjXATsJ","https://bibliotecadigital.ipb.pt/bitstream/10198/28635/1/Bruno%20Stefanuto.pdf","PDF","BMM Stefanuto - 2023 - bibliotecadigital.ipb.pt","","https://bibliotecadigital.ipb.pt/handle/10198/28635","N/A","https://scholar.google.com/scholar?q=related:7KomPKjXATsJ:scholar.google.com/&scioq=user+interface+for+ros,+robotwebtools,+web+app+for+point+cloud+real-time+monitoring&hl=en&as_sdt=0,5","35","… For this proposal, the open-source Robot Web Tools (RWT) … This allows ROS nodes to receive 
real-time feedback from … provide web-based visualization capabilities for ROS applications…","bibliotecadigital.ipb.pt","Development of an open access system for remote operation of robotic manipulators","ARTICLE","0","N/A","2023"
"p0O4ImZ9FVgJ","A Kamilaris, N Botteghi","p0O4ImZ9FVgJ","37","https://scholar.google.com/scholar?cites=6347117127471219623&as_sdt=2005&sciodt=0,5&hl=en","p0O4ImZ9FVgJ","https://arxiv.org/pdf/2001.05514","PDF","A Kamilaris, N Botteghi - Journal of ambient intelligence and …, 2020 - content.iospress.com","","https://content.iospress.com/articles/journal-of-ambient-intelligence-and-smart-environments/ais200582","Journal of ambient intelligence and …","https://scholar.google.com/scholar?q=related:p0O4ImZ9FVgJ:scholar.google.com/&scioq=user+interface+for+ros,+robotwebtools,+web+app+for+point+cloud+real-time+monitoring&hl=en&as_sdt=0,5","36","… Internet and they can be remotely monitored and controlled via … may be easily exported into 
Web applications in popular, well-… However, it is worth mentioning that ROS has no real-time …","content.iospress.com","The penetration of Internet of Things in robotics: Towards a web of robotic things","ARTICLE","13","https://scholar.google.com/scholar?cluster=6347117127471219623&hl=en&as_sdt=0,5","2020"
"HaYdKBU0B38J","M Schmittle, A Lukina, L Vacek, J Das…","HaYdKBU0B38J","64","https://scholar.google.com/scholar?cites=9153342033125811741&as_sdt=2005&sciodt=0,5&hl=en","HaYdKBU0B38J","https://people.computing.clemson.edu/~jmarty/projects/lowLatencyNetworking/References/UAV-Drones/CoreRefs/UAV-SimsAndEmulators/openUAV-openSrcSimulatorforUAVsandRobotics.pdf","PDF","M Schmittle, A Lukina, L Vacek, J Das… - 2018 ACM/IEEE 9th …, 2018 - ieeexplore.ieee.org","","https://ieeexplore.ieee.org/abstract/document/8443728/","2018 ACM/IEEE 9th …","https://scholar.google.com/scholar?q=related:HaYdKBU0B38J:scholar.google.com/&scioq=user+interface+for+ros,+robotwebtools,+web+app+for+point+cloud+real-time+monitoring&hl=en&as_sdt=0,5","37","… the popular tools, ROS and Gazebo, with ROS to communicate with the … Robot Web Tools 
[13] offers a suite of open source … real time and early error detection via continuous integration. …","ieeexplore.ieee.org","OpenUAV: A UAV testbed for the CPS and robotics community","ARTICLE","10","https://scholar.google.com/scholar?cluster=9153342033125811741&hl=en&as_sdt=0,5","2018"
"dA8yskDge8IJ","Z Wang, S Yang, X Xiang, A Vasilijević, N Mišković…","dA8yskDge8IJ","4","https://scholar.google.com/scholar?cites=14014041233965584244&as_sdt=2005&sciodt=0,5&hl=en","dA8yskDge8IJ","https://ifatwww.et.uni-magdeburg.de/ifac2020/media/pdfs/1629.pdf","PDF","Z Wang, S Yang, X Xiang, A Vasilijević, N Mišković… - IFAC-PapersOnLine, 2020 - Elsevier","","https://www.sciencedirect.com/science/article/pii/S2405896320318747","IFAC-PapersOnLine","https://scholar.google.com/scholar?q=related:dA8yskDge8IJ:scholar.google.com/&scioq=user+interface+for+ros,+robotwebtools,+web+app+for+point+cloud+real-time+monitoring&hl=en&as_sdt=0,5","38","… with the Robot Operating System (ROS); thus, enabling integration … The user control module 
provides user interface elements for … Dronetrack: Cloudbased real-time object tracking using …","Elsevier","Cloud-based remote control framework for unmanned surface vehicles","ARTICLE","2","https://scholar.google.com/scholar?cluster=14014041233965584244&hl=en&as_sdt=0,5","2020"
"ZLtpUdc7JfgJ","R Limosani, A Manzi, L Fiorini, P Dario…","ZLtpUdc7JfgJ","9","https://scholar.google.com/scholar?cites=17880763691514313572&as_sdt=2005&sciodt=0,5&hl=en","ZLtpUdc7JfgJ","https://www.iris.sssup.it/bitstream/11382/525949/1/VP004%20-%20Connecting%20ROS%20and%20FIWARE.pdf","PDF","R Limosani, A Manzi, L Fiorini, P Dario… - … Operating System (ROS) …, 2019 - Springer","","https://link.springer.com/chapter/10.1007/978-3-319-91590-6_13","… Operating System (ROS) …","https://scholar.google.com/scholar?q=related:ZLtpUdc7JfgJ:scholar.google.com/&scioq=user+interface+for+ros,+robotwebtools,+web+app+for+point+cloud+real-time+monitoring&hl=en&as_sdt=0,5","39","… real-time media or incorporate advanced features for user … user interface that can be easily 
implemented using web … in a cloud federation supporting future internet applications. in …","Springer","Connecting ROS and FIWARE: Concepts and tutorial","ARTICLE","7","https://scholar.google.com/scholar?cluster=17880763691514313572&hl=en&as_sdt=0,5","2019"
"Bf2dtyR66K8J","B Tam, N Kottege, B Kusy","Bf2dtyR66K8J","4","https://scholar.google.com/scholar?cites=12675515449352256773&as_sdt=2005&sciodt=0,5&hl=en","Bf2dtyR66K8J","https://www.navinda.kottege.net/publications/Tam2017.ACRA17.pdf","PDF","B Tam, N Kottege, B Kusy - The Australasian Conference on …, 2017 - navinda.kottege.net","","https://www.navinda.kottege.net/publications/Tam2017.ACRA17.pdf","The Australasian Conference on …","https://scholar.google.com/scholar?q=related:Bf2dtyR66K8J:scholar.google.com/&scioq=user+interface+for+ros,+robotwebtools,+web+app+for+point+cloud+real-time+monitoring&hl=en&as_sdt=0,5","40","… The suite allows images, point clouds and other information to … our application using web 
technologies with ROS integration … in real-time to the HMD using the same network interface. A …","navinda.kottege.net","Augmented telepresence for remote inspection with legged robots","PDF","4","https://scholar.google.com/scholar?cluster=12675515449352256773&hl=en&as_sdt=0,5","2017"
"9HFGcKYNCCsJ","C Shao","9HFGcKYNCCsJ","0","N/A","9HFGcKYNCCsJ","https://utd-ir.tdl.org/bitstream/handle/10735.1/5519/ETD-5608-7468.88.pdf?sequence=5&isAllowed=y","PDF","C Shao - 2017 - utd-ir.tdl.org","","https://utd-ir.tdl.org/handle/10735.1/5519","N/A","https://scholar.google.com/scholar?q=related:9HFGcKYNCCsJ:scholar.google.com/&scioq=user+interface+for+ros,+robotwebtools,+web+app+for+point+cloud+real-time+monitoring&hl=en&as_sdt=0,5","41","… enable real-time robot trajectory planning from 3-D scan data. The … The collected point cloud 
data is sent to the application … developed a ROS package named Resource Monitor, and ran …","utd-ir.tdl.org","Software Defined Networking in Advanced Manufacturing Systems","ARTICLE","2","https://scholar.google.com/scholar?cluster=3100743351943983604&hl=en&as_sdt=0,5","2017"
"xRDCN6wJxxwJ","Z Wang, S Yang, X Xiang, A Vasilijević…","xRDCN6wJxxwJ","74","https://scholar.google.com/scholar?cites=2073636788701892805&as_sdt=2005&sciodt=0,5&hl=en","xRDCN6wJxxwJ","N/A","N/A","Z Wang, S Yang, X Xiang, A Vasilijević… - Control Engineering …, 2021 - Elsevier","","https://www.sciencedirect.com/science/article/pii/S0967066120302276","Control Engineering …","https://scholar.google.com/scholar?q=related:xRDCN6wJxxwJ:scholar.google.com/&scioq=user+interface+for+ros,+robotwebtools,+web+app+for+point+cloud+real-time+monitoring&hl=en&as_sdt=0,5","42","… software interfaces are required for this task: the user interface … different types of robots 
with ROS onboard, among which are … within margins to allow near real-time mission (re)planning. …","Elsevier","Cloud-based mission control of USV fleet: Architecture, implementation and experiments","ARTICLE","3","https://scholar.google.com/scholar?cluster=2073636788701892805&hl=en&as_sdt=0,5","2021"
"nwZ7sdwtBnoJ","SSH Hajjaj, KSM Sahari","nwZ7sdwtBnoJ","0","N/A","nwZ7sdwtBnoJ","https://www.researchgate.net/profile/Sami-Hajjaj/publication/317111448_Establishing_remote_networks_for_ROS_applications_via_Port_Forwarding_A_detailed_tutorial/links/5a719ccb0f7e9ba2e1cbb921/Establishing-remote-networks-for-ROS-applications-via-Port-Forwarding-A-detailed-tutorial.pdf","PDF","SSH Hajjaj, KSM Sahari - researchgate.net","","https://www.researchgate.net/profile/Sami-Hajjaj/publication/317111448_Establishing_remote_networks_for_ROS_applications_via_Port_Forwarding_A_detailed_tutorial/links/5a719ccb0f7e9ba2e1cbb921/Establishing-remote-networks-for-ROS-applications-via-Port-Forwarding-A-detailed-tutorial.pdf","researchgate.net","https://scholar.google.com/scholar?q=related:nwZ7sdwtBnoJ:scholar.google.com/&scioq=user+interface+for+ros,+robotwebtools,+web+app+for+point+cloud+real-time+monitoring&hl=en&as_sdt=0,5","43","… web application interacting with ROS, which utilizes the ROS.js … In fact, figure 2 shows the 
architecture of RobotWebTools, while … • Through this remote network, the robot sends real-time …","N/A","Establishing Remote ROS Networks via Port Forwarding: a Detailed Tutorial","PDF","0","N/A",
"2jbGIzCvHWoJ","D Portugal, S Pereira…","2jbGIzCvHWoJ","40","https://scholar.google.com/scholar?cites=7646460363638453978&as_sdt=2005&sciodt=0,5&hl=en","2jbGIzCvHWoJ","https://www.researchgate.net/profile/Samuel-Pereira-5/publication/319702475_The_Role_of_Security_in_Human-Robot_Shared_Environments_A_Case_Study_in_ROS-based_Surveillance_Robots/links/59ba4cd9aca272416190642c/The-Role-of-Security-in-Human-Robot-Shared-Environments-A-Case-Study-in-ROS-based-Surveillance-Robots.pdf","PDF","D Portugal, S Pereira… - 2017 26th IEEE …, 2017 - ieeexplore.ieee.org","","https://ieeexplore.ieee.org/abstract/document/8172422/","2017 26th IEEE …","https://scholar.google.com/scholar?q=related:2jbGIzCvHWoJ:scholar.google.com/&scioq=user+interface+for+ros,+robotwebtools,+web+app+for+point+cloud+real-time+monitoring&hl=en&as_sdt=0,5","44","… laser-based SLAM [14], 3D point cloud-based object recognition [15], … User Interface (GUI), 
which is connected to a secure cloud … load for systems without hard real-time constraints [26]. …","ieeexplore.ieee.org","The role of security in human-robot shared environments: A case study in ROS-based surveillance robots","ARTICLE","4","https://scholar.google.com/scholar?cluster=7646460363638453978&hl=en&as_sdt=0,5","2017"
"q27XEuKolVkJ","G Mester","q27XEuKolVkJ","61","https://scholar.google.com/scholar?cites=6455251329837657771&as_sdt=2005&sciodt=0,5&hl=en","q27XEuKolVkJ","https://hrcak.srce.hr/file/197338","PDF","G Mester - Interdisciplinary Description of Complex Systems …, 2015 - hrcak.srce.hr","","https://hrcak.srce.hr/133677","Interdisciplinary Description of Complex Systems …","https://scholar.google.com/scholar?q=related:q27XEuKolVkJ:scholar.google.com/&scioq=user+interface+for+ros,+robotwebtools,+web+app+for+point+cloud+real-time+monitoring&hl=en&as_sdt=0,5","45","… rates to offload tasks without hard real time requirements. … Robot Web Tools is designed to 
enable Web developers, … a robot and single ROS environment in the cloud. Available open-…","hrcak.srce.hr","Cloud robotics model","ARTICLE","18","https://scholar.google.com/scholar?cluster=6455251329837657771&hl=en&as_sdt=0,5","2015"
"gKIGo-cPiNwJ","R Guzman, R Navarro, M Beneto…","gKIGo-cPiNwJ","32","https://scholar.google.com/scholar?cites=15890968772723778176&as_sdt=2005&sciodt=0,5&hl=en","gKIGo-cPiNwJ","https://www.researchgate.net/profile/Roberto-Guzman-6/publication/295909498_Robotnik_-_Professional_Service_Robotics_Applications_with_ROS/links/5cd6a2f992851c4eab936fa7/Robotnik-Professional-Service-Robotics-Applications-with-ROS.pdf","PDF","R Guzman, R Navarro, M Beneto… - … Operating System (ROS) …, 2016 - Springer","","https://link.springer.com/chapter/10.1007/978-3-319-26054-9_10","… Operating System (ROS) …","https://scholar.google.com/scholar?q=related:gKIGo-cPiNwJ:scholar.google.com/&scioq=user+interface+for+ros,+robotwebtools,+web+app+for+point+cloud+real-time+monitoring&hl=en&as_sdt=0,5","46","… the train through this point cloud, if there are some point inside this … Using a web page based 
user interface has some … high-performance GPS receivers with Real Time Kinematics (RTK) …","Springer","Robotnik—Professional service robotics applications with ROS","ARTICLE","4","https://scholar.google.com/scholar?cluster=15890968772723778176&hl=en&as_sdt=0,5","2016"
"P_xynvyquvgJ","PP Ray","P_xynvyquvgJ","266","https://scholar.google.com/scholar?cites=17922825669041126463&as_sdt=2005&sciodt=0,5&hl=en","P_xynvyquvgJ","https://ieeexplore.ieee.org/iel7/6287639/6514899/07805273.pdf","PDF","PP Ray - IEEE access, 2016 - ieeexplore.ieee.org","","https://ieeexplore.ieee.org/abstract/document/7805273/","IEEE access","https://scholar.google.com/scholar?q=related:P_xynvyquvgJ:scholar.google.com/&scioq=user+interface+for+ros,+robotwebtools,+web+app+for+point+cloud+real-time+monitoring&hl=en&as_sdt=0,5","47","… data transfer rates to offload tasks without hard real time requirements. Now, we can … , 
devices, and front-end user interfaces. It is meant for messaging ROS topics in a client-server …","ieeexplore.ieee.org","Internet of robotic things: concept, technologies, and challenges","ARTICLE","7","https://scholar.google.com/scholar?cluster=17922825669041126463&hl=en&as_sdt=0,5","2016"
"iPPTBbRNlLgJ","D Kent, C Saldanha…","iPPTBbRNlLgJ","29","https://scholar.google.com/scholar?cites=13300341035119145864&as_sdt=2005&sciodt=0,5&hl=en","iPPTBbRNlLgJ","https://journals.sagepub.com/doi/full/10.1177/0278364919888565","HTML","D Kent, C Saldanha… - The International Journal …, 2020 - journals.sagepub.com","","https://journals.sagepub.com/doi/abs/10.1177/0278364919888565","The International Journal …","https://scholar.google.com/scholar?q=related:iPPTBbRNlLgJ:scholar.google.com/&scioq=user+interface+for+ros,+robotwebtools,+web+app+for+point+cloud+real-time+monitoring&hl=en&as_sdt=0,5","48","… algorithm to create a point-and-click user interface. The … We have released our three 
interaction approaches in ROS … We stream point clouds using Robot Web Tools’ …","journals.sagepub.com","Leveraging depth data in remote robot teleoperation interfaces for general object manipulation","ARTICLE","4","https://scholar.google.com/scholar?cluster=13300341035119145864&hl=en&as_sdt=0,5","2020"
"-W_4JrQa9k4J","S Xu, S Moore, A Cosgun","-W_4JrQa9k4J","14","https://scholar.google.com/scholar?cites=5689764540279451641&as_sdt=2005&sciodt=0,5&hl=en","-W_4JrQa9k4J","https://arxiv.org/pdf/2205.10564","PDF","S Xu, S Moore, A Cosgun - … and Robotic Applications (HORA), 2022 - ieeexplore.ieee.org","","https://ieeexplore.ieee.org/abstract/document/9800046/","… and Robotic Applications (HORA)","https://scholar.google.com/scholar?q=related:-W_4JrQa9k4J:scholar.google.com/&scioq=user+interface+for+ros,+robotwebtools,+web+app+for+point+cloud+real-time+monitoring&hl=en&as_sdt=0,5","49","… ROS topics and execute incoming movement commands for its arm. Higher level tasks such 
as processing point cloud … throughput required to transfer point cloud data in real-time. A …","ieeexplore.ieee.org","Shared-control robotic manipulation in virtual reality","ARTICLE","4","https://scholar.google.com/scholar?cluster=5689764540279451641&hl=en&as_sdt=0,5","2022"
"in-WZDgAoa4J","T Fischer, W Vollprecht, S Traversaro…","in-WZDgAoa4J","10","https://scholar.google.com/scholar?cites=12583339076055629706&as_sdt=2005&sciodt=0,5&hl=en","in-WZDgAoa4J","https://arxiv.org/pdf/2104.12910","PDF","T Fischer, W Vollprecht, S Traversaro… - IEEE Robotics & …, 2021 - ieeexplore.ieee.org","","https://ieeexplore.ieee.org/abstract/document/9646255/","IEEE Robotics & …","https://scholar.google.com/scholar?q=related:in-WZDgAoa4J:scholar.google.com/&scioq=user+interface+for+ros,+robotwebtools,+web+app+for+point+cloud+real-time+monitoring&hl=en&as_sdt=0,5","50","… heavy dependencies such as OpenCV, Point Cloud Library (PCL), … and bqplot to show 
real-time plots from ROS messages in … of the RobotWebTools to provide 3D ROS Jupyter widgets. …","ieeexplore.ieee.org","A robostack tutorial: Using the robot operating system alongside the conda and jupyter data science ecosystems","ARTICLE","6","https://scholar.google.com/scholar?cluster=12583339076055629706&hl=en&as_sdt=0,5","2021"
"0gsCg6gZFrgJ","V Annem, P Rajendran…","0gsCg6gZFrgJ","36","https://scholar.google.com/scholar?cites=13264817964009524178&as_sdt=2005&sciodt=0,5&hl=en","0gsCg6gZFrgJ","https://www.researchgate.net/profile/Shantanu-Thakar-2/publication/337586346_Towards_Remote_Teleoperation_of_a_Semi-Autonomous_Mobile_Manipulator_System_in_Machine_Tending_Tasks/links/5e399335299bf1cdb90e324c/Towards-Remote-Teleoperation-of-a-Semi-Autonomous-Mobile-Manipulator-System-in-Machine-Tending-Tasks.pdf","PDF","V Annem, P Rajendran… - International …, 2019 - asmedigitalcollection.asme.org","","https://asmedigitalcollection.asme.org/MSEC/proceedings-abstract/MSEC2019/58745/1070715","International …","https://scholar.google.com/scholar?q=related:0gsCg6gZFrgJ:scholar.google.com/&scioq=user+interface+for+ros,+robotwebtools,+web+app+for+point+cloud+real-time+monitoring&hl=en&as_sdt=0,5","51","… like in RViz [25] or Robot Web Tools ros3djs [26] for simulating … We have integrated a laser 
scanner and a point cloud from … For the operation of the system, we extensively use ROS (…","asmedigitalcollection.asme.org","Towards remote teleoperation of a semi-autonomous mobile manipulator system in machine tending tasks","ARTICLE","3","https://scholar.google.com/scholar?cluster=13264817964009524178&hl=en&as_sdt=0,5","2019"
"rwa65-3rXzMJ","B Qureshi, A Koubaa, MF Sriti, Y Javed, M Alajlan","rwa65-3rXzMJ","19","https://scholar.google.com/scholar?cites=3701936825749341871&as_sdt=2005&sciodt=0,5&hl=en","rwa65-3rXzMJ","https://www.academia.edu/download/87220569/255_256_qureshi.pdf","PDF","B Qureshi, A Koubaa, MF Sriti, Y Javed, M Alajlan - EWSN, 2016 - academia.edu","","https://www.academia.edu/download/87220569/255_256_qureshi.pdf","EWSN","https://scholar.google.com/scholar?q=related:rwa65-3rXzMJ:scholar.google.com/&scioq=user+interface+for+ros,+robotwebtools,+web+app+for+point+cloud+real-time+monitoring&hl=en&as_sdt=0,5","52","… several applications in surveillance, disaster management, … and report in real-time data of 
interest to the cloud layer, which in … , a Robot-webtools library was developed for ROS allowing …","academia.edu","Poster: Dronemap-A Cloud-based Architecture for the Internet-of-Drones.","PDF","6","https://scholar.google.com/scholar?cluster=3701936825749341871&hl=en&as_sdt=0,5","2016"
"pgUAKGN1N-AJ","AM Bettens, B Morrell, M Coen, N McHenry…","pgUAKGN1N-AJ","12","https://scholar.google.com/scholar?cites=16156511256948245926&as_sdt=2005&sciodt=0,5&hl=en","pgUAKGN1N-AJ","https://www.academia.edu/download/64442367/SciTechpublishedPDF.pdf","PDF","AM Bettens, B Morrell, M Coen, N McHenry… - AIAA Scitech 2020 …, 2020 - arc.aiaa.org","","https://arc.aiaa.org/doi/abs/10.2514/6.2020-1343","AIAA Scitech 2020 …","https://scholar.google.com/scholar?q=related:pgUAKGN1N-AJ:scholar.google.com/&scioq=user+interface+for+ros,+robotwebtools,+web+app+for+point+cloud+real-time+monitoring&hl=en&as_sdt=0,5","53","… visualizing trajectories in real time. Integrating autonomous … graphics and the immersive 
user interface. Being a game … point cloud data within a short amount of time within ROS [30]…","arc.aiaa.org","UnrealNavigation: Simulation software for testing SLAM in virtual reality","ARTICLE","3","https://scholar.google.com/scholar?cluster=16156511256948245926&hl=en&as_sdt=0,5","2020"
"mmsW61pogm0J","R Toris, D Kent, S Chernova","mmsW61pogm0J","84","https://scholar.google.com/scholar?cites=7890984236806990746&as_sdt=2005&sciodt=0,5&hl=en","mmsW61pogm0J","https://www.cs.utexas.edu/~sniekum/classes/RL-F17/papers/Toris14.pdf","PDF","R Toris, D Kent, S Chernova - Journal of Human-Robot Interaction, 2014 - cs.utexas.edu","","https://www.cs.utexas.edu/~sniekum/classes/RL-F17/papers/Toris14.pdf","Journal of Human-Robot Interaction","https://scholar.google.com/scholar?q=related:mmsW61pogm0J:scholar.google.com/&scioq=user+interface+for+ros,+robotwebtools,+web+app+for+point+cloud+real-time+monitoring&hl=en&as_sdt=0,5","54","… keep track of different ROS-enabled robotic environments, interfaces, users, and … users, 
such as live 3D point cloud data or high-resolution camera feeds, due to bandwidth and real-time …","cs.utexas.edu","The robot management system: A framework for conducting human-robot interaction studies through crowdsourcing","PDF","6","https://scholar.google.com/scholar?cluster=7890984236806990746&hl=en&as_sdt=0,5","2014"
"OdS_9tIdKSEJ","E Ratner, B Cohen, M Phillips…","OdS_9tIdKSEJ","13","https://scholar.google.com/scholar?cites=2389473869216863289&as_sdt=2005&sciodt=0,5&hl=en","OdS_9tIdKSEJ","http://www.cs.cmu.edu/~maxim/files/webdemos_icra15.pdf","PDF","E Ratner, B Cohen, M Phillips… - 2015 IEEE International …, 2015 - ieeexplore.ieee.org","","https://ieeexplore.ieee.org/abstract/document/7139971/","2015 IEEE International …","https://scholar.google.com/scholar?q=related:OdS_9tIdKSEJ:scholar.google.com/&scioq=user+interface+for+ros,+robotwebtools,+web+app+for+point+cloud+real-time+monitoring&hl=en&as_sdt=0,5","55","… RobotWebTools [1] that allow web applications to communicate with ROS-enabled serverside 
applications. … We then clustered the remaining points and aligned the point cloud with the …","ieeexplore.ieee.org","A web-based infrastructure for recording user demonstrations of mobile manipulation tasks","ARTICLE","7","https://scholar.google.com/scholar?cluster=2389473869216863289&hl=en&as_sdt=0,5","2015"
"B_tPI-Qw9kMJ","G Mester","B_tPI-Qw9kMJ","4","https://scholar.google.com/scholar?cites=4897155401215113991&as_sdt=2005&sciodt=0,5&hl=en","B_tPI-Qw9kMJ","https://www.researchgate.net/profile/Gyula-Mester/publication/333339252_Introduction_to_Cloud_Robotics/links/5ce79597a6fdccc9ddca7381/Introduction-to-Cloud-Robotics.pdf","PDF","G Mester - Proceedings of the SIP, 2014 - researchgate.net","","https://www.researchgate.net/profile/Gyula-Mester/publication/333339252_Introduction_to_Cloud_Robotics/links/5ce79597a6fdccc9ddca7381/Introduction-to-Cloud-Robotics.pdf","Proceedings of the SIP","https://scholar.google.com/scholar?q=related:B_tPI-Qw9kMJ:scholar.google.com/&scioq=user+interface+for+ros,+robotwebtools,+web+app+for+point+cloud+real-time+monitoring&hl=en&as_sdt=0,5","56","… transfer rates to offload tasks without hard real time requirements. … Robot Web Tools is 
designed to enable Web developers, … a cloud robotics project, it allows ROS developers to use …","researchgate.net","Introduction to Cloud Robotics","PDF","0","N/A","2014"
"5zWi389IY8wJ","A Sorrentino, F Cavallo, L Fiorini","5zWi389IY8wJ","5","https://scholar.google.com/scholar?cites=14727695264079033831&as_sdt=2005&sciodt=0,5&hl=en","5zWi389IY8wJ","https://www.mdpi.com/2218-6581/9/1/17","HTML","A Sorrentino, F Cavallo, L Fiorini - Robotics, 2020 - mdpi.com","","https://www.mdpi.com/2218-6581/9/1/17","Robotics","https://scholar.google.com/scholar?q=related:5zWi389IY8wJ:scholar.google.com/&scioq=user+interface+for+ros,+robotwebtools,+web+app+for+point+cloud+real-time+monitoring&hl=en&as_sdt=0,5","57","… the cloud and retrieve resources in near real-time. A general framework for setting up a … of 
Robot Web Tools is the rosbridge protocol as a general means for messaging ROS topics in a …","mdpi.com","A plug and play transparent communication layer for cloud robotics architectures","HTML","7","https://scholar.google.com/scholar?cluster=14727695264079033831&hl=en&as_sdt=0,5","2020"
"S99bp1H-0k4J","N Tsoi, M Hussein, O Fugikawa…","S99bp1H-0k4J","14","https://scholar.google.com/scholar?cites=5679881706721238859&as_sdt=2005&sciodt=0,5&hl=en","S99bp1H-0k4J","https://arxiv.org/pdf/2012.12336","PDF","N Tsoi, M Hussein, O Fugikawa… - 2021 IEEE/RSJ …, 2021 - ieeexplore.ieee.org","","https://ieeexplore.ieee.org/abstract/document/9636319/","2021 IEEE/RSJ …","https://scholar.google.com/scholar?q=related:S99bp1H-0k4J:scholar.google.com/&scioq=user+interface+for+ros,+robotwebtools,+web+app+for+point+cloud+real-time+monitoring&hl=en&as_sdt=0,5","58","… Second, simulations can be integrated with real-time robotic … While ROS applications can 
be made accessible on the web via … user interface (GUI) of rich-client robotic simulators on the …","ieeexplore.ieee.org","An approach to deploy interactive robotic simulators on the web for hri experiments: Results in social robot navigation","ARTICLE","7","https://scholar.google.com/scholar?cluster=5679881706721238859&hl=en&as_sdt=0,5","2021"
"Xns5p4OMLtIJ","T Fischer, W Vollprecht, S Traversaro, S Yen, C Herrero…","Xns5p4OMLtIJ","0","N/A","Xns5p4OMLtIJ","https://www.researchgate.net/profile/Tobias-Fischer-10/publication/356950280_A_RoboStack_Tutorial_Using_the_Robot_Operating_System_Alongside_the_Conda_and_Jupyter_Data_Science_Ecosystems/links/61bd047763bbd932429f0114/A-RoboStack-Tutorial-Using-the-Robot-Operating-System-Alongside-the-Conda-and-Jupyter-Data-Science-Ecosystems.pdf","PDF","T Fischer, W Vollprecht, S Traversaro, S Yen, C Herrero… - researchgate.net","","https://www.researchgate.net/profile/Tobias-Fischer-10/publication/356950280_A_RoboStack_Tutorial_Using_the_Robot_Operating_System_Alongside_the_Conda_and_Jupyter_Data_Science_Ecosystems/links/61bd047763bbd932429f0114/A-RoboStack-Tutorial-Using-the-Robot-Operating-System-Alongside-the-Conda-and-Jupyter-Data-Science-Ecosystems.pdf","researchgate.net","https://scholar.google.com/scholar?q=related:Xns5p4OMLtIJ:scholar.google.com/&scioq=user+interface+for+ros,+robotwebtools,+web+app+for+point+cloud+real-time+monitoring&hl=en&as_sdt=0,5","59","… user interface within the Jupyter ecosystem JupyterLab-ROS … plot to show real time plots 
from ROS messages in Notebooks… of the RobotWebTools to provide 3D ROS Jupyter widgets. …","N/A","A RoboStack Tutorial","PDF","2","https://scholar.google.com/scholar?cluster=15145197093967723358&hl=en&as_sdt=0,5",
"aWL0hoa2d_cJ","J Sessner, A Porstmann, S Kirst, N Merz…","aWL0hoa2d_cJ","0","N/A","aWL0hoa2d_cJ","N/A","N/A","J Sessner, A Porstmann, S Kirst, N Merz… - 2022 31st IEEE …, 2022 - ieeexplore.ieee.org","","https://ieeexplore.ieee.org/abstract/document/9900704/","2022 31st IEEE …","https://scholar.google.com/scholar?q=related:aWL0hoa2d_cJ:scholar.google.com/&scioq=user+interface+for+ros,+robotwebtools,+web+app+for+point+cloud+real-time+monitoring&hl=en&as_sdt=0,5","60","… and the user interface is based on a local web application. … (1) The TI must be intuitive to 
control and should allow a real-time … To interface between ROS and the webserver, the ROS …","ieeexplore.ieee.org","A Modular Interface for Controlling Interactive Behaviors of a Humanoid Robot for Socio-Emotional Skills Training","ARTICLE","2","https://scholar.google.com/scholar?cluster=17831921938502804073&hl=en&as_sdt=0,5","2022"
"s1OeZsx3XokJ","C Korpela, K Chaney…","s1OeZsx3XokJ","6","https://scholar.google.com/scholar?cites=9898480750785614771&as_sdt=2005&sciodt=0,5&hl=en","s1OeZsx3XokJ","N/A","N/A","C Korpela, K Chaney… - … Robot Applications  …, 2015 - ieeexplore.ieee.org","","https://ieeexplore.ieee.org/abstract/document/7219678/","… Robot Applications  …","https://scholar.google.com/scholar?q=related:s1OeZsx3XokJ:scholar.google.com/&scioq=user+interface+for+ros,+robotwebtools,+web+app+for+point+cloud+real-time+monitoring&hl=en&as_sdt=0,5","61","… The GUI frontend itself is based on Robot Web Tools [9], [10] … a ROS server, the control unit, 
and its corresponding ROS … 3-D point cloud data to be collected for use in developing a 3-D …","ieeexplore.ieee.org","Applied robotics for installation and base operations for industrial hygiene","ARTICLE","2","https://scholar.google.com/scholar?cluster=9898480750785614771&hl=en&as_sdt=0,5","2015"
"x-dzzbhvDdkJ","SJ Jorgensen, M Wonsick, M Paterson, A Watson…","x-dzzbhvDdkJ","8","https://scholar.google.com/scholar?cites=15640279920439191495&as_sdt=2005&sciodt=0,5&hl=en","x-dzzbhvDdkJ","https://ntrs.nasa.gov/api/citations/20220007587/downloads/VR_Paper.pdf","PDF","SJ Jorgensen, M Wonsick, M Paterson, A Watson… - 2022 - ntrs.nasa.gov","","https://ntrs.nasa.gov/citations/20220007587","N/A","https://scholar.google.com/scholar?q=related:x-dzzbhvDdkJ:scholar.google.com/&scioq=user+interface+for+ros,+robotwebtools,+web+app+for+point+cloud+real-time+monitoring&hl=en&as_sdt=0,5","62","… run on the same real-time computer. Finally, the middleware, … degradation by voxel filtering 
ROS point clouds to 5mm leaves … body tracking, uttering “thaw left arm” initiates tracking only …","ntrs.nasa.gov","cockpit interface for locomotion and manipulation control of the NASA valkyrie humanoid in virtual reality (VR)","ARTICLE","0","N/A","2022"
"EHXs5fA8mt8J","A Satheesan","EHXs5fA8mt8J","0","N/A","EHXs5fA8mt8J","https://aaltodoc.aalto.fi/bitstreams/a3c029bf-62b3-4781-838c-5661a5c4c91e/download","PDF","A Satheesan - 2024 - aaltodoc.aalto.fi","","https://aaltodoc.aalto.fi/items/42b6ba6a-c877-49ca-ad04-2e4fa78d2cbd","N/A","https://scholar.google.com/scholar?q=related:EHXs5fA8mt8J:scholar.google.com/&scioq=user+interface+for+ros,+robotwebtools,+web+app+for+point+cloud+real-time+monitoring&hl=en&as_sdt=0,5","63","… The results indicated that the point cloud partially matched real-… control, functions as the 
user interface. Within this platform, Varjo … ROS interfaces for accessing the sensor messages in …","aaltodoc.aalto.fi","Real-Time Augmented Reality based Operator Assistance for Driving Cut-to-Length Forest Machines","ARTICLE","2","https://scholar.google.com/scholar?cluster=16112257622218667280&hl=en&as_sdt=0,5","2024"
"Vgmxv9fsHFIJ","B Qureshi, A Koubâa, MF Sriti, Y Javed…","Vgmxv9fsHFIJ","5","https://scholar.google.com/scholar?cites=5916864421836163414&as_sdt=2005&sciodt=0,5&hl=en","Vgmxv9fsHFIJ","http://www.cister.isep.ipp.pt/docs/dronemap___a_cloud_based_architecture_for_the_internet_of_drones/1340/view.pdf","PDF","B Qureshi, A Koubâa, MF Sriti, Y Javed… - … on Embedded Wireless …, 2016 - cister.isep.ipp.pt","","http://www.cister.isep.ipp.pt/docs/dronemap___a_cloud_based_architecture_for_the_internet_of_drones/1340/","… on Embedded Wireless …","https://scholar.google.com/scholar?q=related:Vgmxv9fsHFIJ:scholar.google.com/&scioq=user+interface+for+ros,+robotwebtools,+web+app+for+point+cloud+real-time+monitoring&hl=en&as_sdt=0,5","64","… several applications in surveillance, disaster management, … and report in real-time data of 
interest to the cloud layer, which in … , a Robot-webtools library was developed for ROS allowing …","cister.isep.ipp.pt","Dronemap-a cloud-based architecture for the internet-of-drones","ARTICLE","9","https://scholar.google.com/scholar?cluster=5916864421836163414&hl=en&as_sdt=0,5","2016"
"yRqHGrI4slYJ","H Hong, Z Wen, S Bi, Y Zhang…","yRqHGrI4slYJ","5","https://scholar.google.com/scholar?cites=6247117970716695241&as_sdt=2005&sciodt=0,5&hl=en","yRqHGrI4slYJ","N/A","N/A","H Hong, Z Wen, S Bi, Y Zhang… - 2019 IEEE 9th Annual …, 2019 - ieeexplore.ieee.org","","https://ieeexplore.ieee.org/abstract/document/9066498/","2019 IEEE 9th Annual …","https://scholar.google.com/scholar?q=related:yRqHGrI4slYJ:scholar.google.com/&scioq=user+interface+for+ros,+robotwebtools,+web+app+for+point+cloud+real-time+monitoring&hl=en&as_sdt=0,5","65","… and uniform application like a agent, to implement mobile robot moving, monitoring and 
visual navigating operation through a web client. In the process, we ensure its real-time, stable …","ieeexplore.ieee.org","RoverOS: Linking ROS with WebSocket for moblie robot","ARTICLE","0","N/A","2019"
"zkMFK1g8FH0J","Y Ajmera, A Javed","zkMFK1g8FH0J","4","https://scholar.google.com/scholar?cites=9012895103651759054&as_sdt=2005&sciodt=0,5&hl=en","zkMFK1g8FH0J","https://arxiv.org/pdf/1912.10274","PDF","Y Ajmera, A Javed - Intelligent Systems and Applications: Proceedings of …, 2021 - Springer","","https://link.springer.com/chapter/10.1007/978-3-030-55190-2_55","Intelligent Systems and Applications: Proceedings of …","https://scholar.google.com/scholar?q=related:zkMFK1g8FH0J:scholar.google.com/&scioq=user+interface+for+ros,+robotwebtools,+web+app+for+point+cloud+real-time+monitoring&hl=en&as_sdt=0,5","66","… , Robot web tools [11] are used to enable these web applications to interface with the ROS 
system … Hence, we have provided real-time video data on the web page. This provides a robot-…","Springer","Shared autonomy in web-based human robot interaction","ARTICLE","3","https://scholar.google.com/scholar?cluster=9012895103651759054&hl=en&as_sdt=0,5","2021"
"Efe42uuFGlEJ","S Nakagawa, H Osawa, K Asakura…","Efe42uuFGlEJ","9","https://scholar.google.com/scholar?cites=5844130714500003601&as_sdt=2005&sciodt=0,5&hl=en","Efe42uuFGlEJ","N/A","N/A","S Nakagawa, H Osawa, K Asakura… - 2014 10th France …, 2014 - ieeexplore.ieee.org","","https://ieeexplore.ieee.org/abstract/document/7018606/","2014 10th France …","https://scholar.google.com/scholar?q=related:Efe42uuFGlEJ:scholar.google.com/&scioq=user+interface+for+ros,+robotwebtools,+web+app+for+point+cloud+real-time+monitoring&hl=en&as_sdt=0,5","67","… communication and real-time. In this paper, we design the web application in consideration 
of … For example, it provides a monitoring service by continuous transmission of image data. y …","ieeexplore.ieee.org","Web application technologies for integration of remote operation, camera image and voice communication into a cloud-based robotics platform","ARTICLE","3","https://scholar.google.com/scholar?cluster=5844130714500003601&hl=en&as_sdt=0,5","2014"
"xOfbJZTDpHoJ","A Vukolov, F Guzzi, R Pugliese…","xOfbJZTDpHoJ","0","N/A","xOfbJZTDpHoJ","N/A","N/A","A Vukolov, F Guzzi, R Pugliese… - IFToMM World Congress …, 2023 - Springer","","https://link.springer.com/chapter/10.1007/978-3-031-45770-8_29","IFToMM World Congress …","https://scholar.google.com/scholar?q=related:xOfbJZTDpHoJ:scholar.google.com/&scioq=user+interface+for+ros,+robotwebtools,+web+app+for+point+cloud+real-time+monitoring&hl=en&as_sdt=0,5","68","… to run and monitor different sets of ROS nodes. Moreover, it … to provide the 3D point cloud 
and depth estimations for the … tool to acquire a new map in real-time, a map metadata editor to …","Springer","Universal Configurable Navigation and Control System for Industrial Unmanned Ground Vehicles with Differential Chassis","ARTICLE","0","N/A","2023"
"8QWwX_tYVb0J","C Korpela, P Root, J Kim, S Wilkerson…","8QWwX_tYVb0J","7","https://scholar.google.com/scholar?cites=13642908482854192625&as_sdt=2005&sciodt=0,5&hl=en","8QWwX_tYVb0J","N/A","N/A","C Korpela, P Root, J Kim, S Wilkerson… - … , Surveillance …, 2016 - spiedigitallibrary.org","","https://www.spiedigitallibrary.org/conference-proceedings-of-spie/9828/982803/A-framework-for-autonomous-and-continuous-aerial-intelligence-surveillance-and/10.1117/12.2223350.short","… , Surveillance …","https://scholar.google.com/scholar?q=related:8QWwX_tYVb0J:scholar.google.com/&scioq=user+interface+for+ros,+robotwebtools,+web+app+for+point+cloud+real-time+monitoring&hl=en&as_sdt=0,5","69","… include camera systems for real-time or post-processing video… The GUI frontend itself is 
based on Robot Web Tools 10,11 … a ROS server, the base station, and its corresponding ROS …","spiedigitallibrary.org","A framework for autonomous and continuous aerial intelligence, surveillance, and reconnaissance operations","ARTICLE","3","https://scholar.google.com/scholar?cluster=13642908482854192625&hl=en&as_sdt=0,5","2016"
"keHrNCZsFIAJ","E Rosen, D Whitney, E Phillips…","keHrNCZsFIAJ","106","https://scholar.google.com/scholar?cites=9229120447741419921&as_sdt=2005&sciodt=0,5&hl=en","keHrNCZsFIAJ","https://journals.sagepub.com/doi/full/10.1177/0278364919842925","HTML","E Rosen, D Whitney, E Phillips… - … Journal of Robotics …, 2019 - journals.sagepub.com","","https://journals.sagepub.com/doi/abs/10.1177/0278364919842925","… Journal of Robotics …","https://scholar.google.com/scholar?q=related:keHrNCZsFIAJ:scholar.google.com/&scioq=user+interface+for+ros,+robotwebtools,+web+app+for+point+cloud+real-time+monitoring&hl=en&as_sdt=0,5","70","… a ROS-enabled robot to the HoloLens using ROS Reality, … of the planned motion in real 
time, which conveys all information … via a point cloud because the participant can see it directly. …","journals.sagepub.com","Communicating and controlling robot arm motion intent through mixed-reality head-mounted displays","ARTICLE","5","https://scholar.google.com/scholar?cluster=9229120447741419921&hl=en&as_sdt=0,5","2019"
"Nac05bxCUPUJ","M Indri, F Sibona, LO Russo","Nac05bxCUPUJ","3","https://scholar.google.com/scholar?cites=17676701916495914805&as_sdt=2005&sciodt=0,5&hl=en","Nac05bxCUPUJ","N/A","N/A","M Indri, F Sibona, LO Russo - 2018 IEEE 23rd International …, 2018 - ieeexplore.ieee.org","","https://ieeexplore.ieee.org/abstract/document/8502518/","2018 IEEE 23rd International …","https://scholar.google.com/scholar?q=related:Nac05bxCUPUJ:scholar.google.com/&scioq=user+interface+for+ros,+robotwebtools,+web+app+for+point+cloud+real-time+monitoring&hl=en&as_sdt=0,5","71","… of the Robot Web Tools project [32] effort, for ROS 3D data types. … From here on, the message 
management is the typical ROS … objects in a limited space in real time [39]. This controller …","ieeexplore.ieee.org","P&P-Standard architecture to enable fast software prototyping for robot arms","ARTICLE","3","https://scholar.google.com/scholar?cluster=17676701916495914805&hl=en&as_sdt=0,5","2018"
"zJpnzVH7LzQJ","M Mortimer","zJpnzVH7LzQJ","1","https://scholar.google.com/scholar?cites=3760500542634695372&as_sdt=2005&sciodt=0,5&hl=en","zJpnzVH7LzQJ","https://dro.deakin.edu.au/articles/thesis/Dynamic_virtual_reality_user_interface_for_teleoperation_of_heterogeneous_robot_teams/21112465/1/files/37455943.pdf","PDF","M Mortimer - 2018 - dro.deakin.edu.au","","https://dro.deakin.edu.au/articles/thesis/Dynamic_virtual_reality_user_interface_for_teleoperation_of_heterogeneous_robot_teams/21112465/1/files/37455943.pdf","N/A","https://scholar.google.com/scholar?q=related:zJpnzVH7LzQJ:scholar.google.com/&scioq=user+interface+for+ros,+robotwebtools,+web+app+for+point+cloud+real-time+monitoring&hl=en&as_sdt=0,5","72","… include a new method for connecting ROS to a VR supported … Developed VRUI Layer 
1 implementation using point cloud … Robot Web Tools [134] project, which provides a web-based …","dro.deakin.edu.au","Dynamic virtual reality user interface for teleoperation of heterogeneous robot teams","PDF","2","https://scholar.google.com/scholar?cluster=3760500542634695372&hl=en&as_sdt=0,5","2018"
"4ZrAT4EcXxUJ","LS Yim, QTN Vo, CI Huang, CR Wang…","4ZrAT4EcXxUJ","7","https://scholar.google.com/scholar?cites=1539980939298380513&as_sdt=2005&sciodt=0,5&hl=en","4ZrAT4EcXxUJ","https://par.nsf.gov/servlets/purl/10427067","PDF","LS Yim, QTN Vo, CI Huang, CR Wang… - 2022 IEEE/RSJ …, 2022 - ieeexplore.ieee.org","","https://ieeexplore.ieee.org/abstract/document/9981729/","2022 IEEE/RSJ …","https://scholar.google.com/scholar?q=related:4ZrAT4EcXxUJ:scholar.google.com/&scioq=user+interface+for+ros,+robotwebtools,+web+app+for+point+cloud+real-time+monitoring&hl=en&as_sdt=0,5","73","… is rendering colored 3D point cloud from a remote depth … a real-time cloud framework 
used to host online multiplayer … with ROS via .NET applications, and Rosbridge [32], an open…","ieeexplore.ieee.org","WFH-VR: Teleoperating a robot arm to set a dining table across the globe via virtual reality","ARTICLE","5","https://scholar.google.com/scholar?cluster=1539980939298380513&hl=en&as_sdt=0,5","2022"
"vspg-l_Whh4J","D Kent, M Behrooz, S Chernova","vspg-l_Whh4J","17","https://scholar.google.com/scholar?cites=2199681175727950526&as_sdt=2005&sciodt=0,5&hl=en","vspg-l_Whh4J","https://core.ac.uk/download/pdf/213001171.pdf","PDF","D Kent, M Behrooz, S Chernova - Autonomous Robots, 2016 - Springer","","https://link.springer.com/article/10.1007/s10514-015-9451-2","Autonomous Robots","https://scholar.google.com/scholar?q=related:vspg-l_Whh4J:scholar.google.com/&scioq=user+interface+for+ros,+robotwebtools,+web+app+for+point+cloud+real-time+monitoring&hl=en&as_sdt=0,5","74","… First, we present a web-based system for the collection of point cloud data … users to control 
the robot’s end effectors through ROS … a training algorithm, it does not have to run in real-time. …","Springer","Construction of a 3D object recognition and manipulation database from grasp demonstrations","ARTICLE","13","https://scholar.google.com/scholar?cluster=2199681175727950526&hl=en&as_sdt=0,5","2016"
"V2j3SXSMS2MJ","H Aagela, V Holmes, M Dhimish, D Wilson","V2j3SXSMS2MJ","8","https://scholar.google.com/scholar?cites=7154966864093210711&as_sdt=2005&sciodt=0,5&hl=en","V2j3SXSMS2MJ","https://pure.york.ac.uk/portal/files/72180869/Manuscript.pdf","PDF","H Aagela, V Holmes, M Dhimish, D Wilson - … on Internet of things, Data …, 2017 - dl.acm.org","","https://dl.acm.org/doi/abs/10.1145/3018896.3036377","… on Internet of things, Data …","https://scholar.google.com/scholar?q=related:V2j3SXSMS2MJ:scholar.google.com/&scioq=user+interface+for+ros,+robotwebtools,+web+app+for+point+cloud+real-time+monitoring&hl=en&as_sdt=0,5","75","… use is to connect ROS with RoboEeath. Although, it supports offloading the heavy tasks to the 
cloud, the control in real time … , providing users with access to a graphical user interface GUI…","dl.acm.org","Impact of video streaming quality on bandwidth in humanoid robot NAO connected to the cloud","ARTICLE","7","https://scholar.google.com/scholar?cluster=7154966864093210711&hl=en&as_sdt=0,5","2017"
"tYBQCQErIm0J","RC Toris","tYBQCQErIm0J","2","https://scholar.google.com/scholar?cites=7863895182793539765&as_sdt=2005&sciodt=0,5&hl=en","tYBQCQErIm0J","https://digital.wpi.edu/downloads/tm70mv27g","PDF","RC Toris - 2013 - digital.wpi.edu","","https://digital.wpi.edu/downloads/tm70mv27g","N/A","https://scholar.google.com/scholar?q=related:tYBQCQErIm0J:scholar.google.com/&scioq=user+interface+for+ros,+robotwebtools,+web+app+for+point+cloud+real-time+monitoring&hl=en&as_sdt=0,5","76","… Web Tools effort [1], allows web browsers to communicate with and visualize data to and 
from ROS… be reliably sent to all remote users, such as live 3D point cloud data or high-resolution …","digital.wpi.edu","Bringing Human-Robot Interaction Studies Online via the Robot Management System","PDF","3","https://scholar.google.com/scholar?cluster=7863895182793539765&hl=en&as_sdt=0,5","2013"
"4t-Qxslw64AJ","E Bizhuta, D Carhoshi","4t-Qxslw64AJ","0","N/A","4t-Qxslw64AJ","https://www.diva-portal.org/smash/get/diva2:1332524/FULLTEXT01.pdf","PDF","E Bizhuta, D Carhoshi - 2019 - diva-portal.org","","https://www.diva-portal.org/smash/record.jsf?pid=diva2:1332524","N/A","https://scholar.google.com/scholar?q=related:4t-Qxslw64AJ:scholar.google.com/&scioq=user+interface+for+ros,+robotwebtools,+web+app+for+point+cloud+real-time+monitoring&hl=en&as_sdt=0,5","77","… Web tools, compared against standard ROS internal modules in terms of average bandwidth 
usage for transferring point cloud … the integration with ROS was that ROS was not real time, …","diva-portal.org","Applicability Study of Software Architectures in the Discrete Manufacturing Domain","ARTICLE","0","N/A","2019"
"mNTzjJMCxBcJ","V Jagtap","mNTzjJMCxBcJ","1","https://scholar.google.com/scholar?cites=1712496591055869080&as_sdt=2005&sciodt=0,5&hl=en","mNTzjJMCxBcJ","https://core.ac.uk/download/pdf/213000534.pdf","PDF","V Jagtap - 2015 - core.ac.uk","","https://core.ac.uk/download/pdf/213000534.pdf","N/A","https://scholar.google.com/scholar?q=related:mNTzjJMCxBcJ:scholar.google.com/&scioq=user+interface+for+ros,+robotwebtools,+web+app+for+point+cloud+real-time+monitoring&hl=en&as_sdt=0,5","78","… This interface is developed based on the Robot Web Tools [2].… 3D information such as point 
cloud and 3D map can be seen … As a part of this project we ported OpenCV, PCL, and ROS …","core.ac.uk","Cyber Physical System for Continuous Evaluation of Fall Risks to Enable Aging-In-Place","PDF","2","https://scholar.google.com/scholar?cluster=1712496591055869080&hl=en&as_sdt=0,5","2015"
"_Mfjv4rDmncJ","L Kästner, R Carstens, L Nahrwold, C Liebig…","_Mfjv4rDmncJ","0","N/A","_Mfjv4rDmncJ","https://roboticsproceedings.org/rss19/p088.pdf","PDF","L Kästner, R Carstens, L Nahrwold, C Liebig… - roboticsproceedings.org","","https://roboticsproceedings.org/rss19/p088.pdf","roboticsproceedings.org","https://scholar.google.com/scholar?q=related:_Mfjv4rDmncJ:scholar.google.com/&scioq=user+interface+for+ros,+robotwebtools,+web+app+for+point+cloud+real-time+monitoring&hl=en&as_sdt=0,5","79","… major ROS functionalities via rosbridge as a web app, … Chernova, “Robot web tools: Efficient 
messaging for cloud robotics,” … Khatib, “Real-time obstacle avoidance for manipulators and …","N/A","Demonstrating Arena-Web: A Web-based Development and Benchmarking Platform for Autonomous Navigation Approaches","PDF","2","https://scholar.google.com/scholar?cluster=8618415837619144700&hl=en&as_sdt=0,5",
"ps6PfKpSYzsJ","A Bettens, B Morrell, M Coen, X Wu, P Gibbens…","ps6PfKpSYzsJ","0","N/A","ps6PfKpSYzsJ","https://www.sciencedirect.com/science/article/pii/S0273117723008682","HTML","A Bettens, B Morrell, M Coen, X Wu, P Gibbens… - Advances in Space …, 2024 - Elsevier","","https://www.sciencedirect.com/science/article/pii/S0273117723008682","Advances in Space …","https://scholar.google.com/scholar?q=related:ps6PfKpSYzsJ:scholar.google.com/&scioq=user+interface+for+ros,+robotwebtools,+web+app+for+point+cloud+real-time+monitoring&hl=en&as_sdt=0,5","80","… -mounted display, with real-time tracking. For more details on … While a point cloud does 
indicate the detected features, it is … Using a ROS bridge that provides an interface between ROS …","Elsevier","Simultaneous localization and mapping architecture for small bodies and space exploration","HTML","2","https://scholar.google.com/scholar?cluster=4279354963119820454&hl=en&as_sdt=0,5","2024"
"iq_KnrQDcv8J","R Toris","iq_KnrQDcv8J","1","https://scholar.google.com/scholar?cites=18406778701309718410&as_sdt=2005&sciodt=0,5&hl=en","iq_KnrQDcv8J","https://digital.wpi.edu/downloads/tb09j584k","PDF","R Toris - Computer Science, 2016 - digital.wpi.edu","","https://digital.wpi.edu/downloads/tb09j584k","Computer Science","https://scholar.google.com/scholar?q=related:iq_KnrQDcv8J:scholar.google.com/&scioq=user+interface+for+ros,+robotwebtools,+web+app+for+point+cloud+real-time+monitoring&hl=en&as_sdt=0,5","81","… Web Tools to advance cloud robotics through more efficient methods of transporting high-bandwidth 
topics (eg, kinematic transforms, image streams, and point clouds). … ROS to the web …","digital.wpi.edu","Spatial and Temporal Learning in Robotic Pick-and-Place Domains via Demonstrations and Observations","PDF","2","https://scholar.google.com/scholar?cluster=18406778701309718410&hl=en&as_sdt=0,5","2016"
"dXnlFYrmWLkJ","SH Wang, CH Tu, JC Juang","dXnlFYrmWLkJ","21","https://scholar.google.com/scholar?cites=13355678175714441589&as_sdt=2005&sciodt=0,5&hl=en","dXnlFYrmWLkJ","https://www.tandfonline.com/doi/pdf/10.1080/09540091.2021.1997914","PDF","SH Wang, CH Tu, JC Juang - Connection Science, 2022 - Taylor & Francis","","https://www.tandfonline.com/doi/abs/10.1080/09540091.2021.1997914","Connection Science","https://scholar.google.com/scholar?q=related:dXnlFYrmWLkJ:scholar.google.com/&scioq=user+interface+for+ros,+robotwebtools,+web+app+for+point+cloud+real-time+monitoring&hl=en&as_sdt=0,5","82","… help developers observe the real-time response of algorithms and … In this work, we use the 
Robot Operating System (ROS) … identify the objects within a given point cloud data, where the …","Taylor & Francis","Automatic traffic modelling for creating digital twins to facilitate autonomous vehicle development","ARTICLE","4","https://scholar.google.com/scholar?cluster=13355678175714441589&hl=en&as_sdt=0,5","2022"
"mdjXm2Ew-loJ","G Mehrooz","mdjXm2Ew-loJ","0","N/A","mdjXm2Ew-loJ","https://portal.findresearcher.sdu.dk/files/234302040/Golizheh_Mehrooz_F.pdf","PDF","G Mehrooz - 2023 - portal.findresearcher.sdu.dk","","https://portal.findresearcher.sdu.dk/en/publications/cloud-based-mission-control-for-linear-drone-inspection","N/A","https://scholar.google.com/scholar?q=related:mdjXm2Ew-loJ:scholar.google.com/&scioq=user+interface+for+ros,+robotwebtools,+web+app+for+point+cloud+real-time+monitoring&hl=en&as_sdt=0,5","83","… a web-access user interface for robots. They have implemented a web application which can 
stream videos from the ROS … and the cloud, allowing for real-time control and monitoring of …","portal.findresearcher.sdu.dk","Cloud-based mission control for linear drone inspection","ARTICLE","2","https://scholar.google.com/scholar?cluster=6555605403375753369&hl=en&as_sdt=0,5","2023"
"b170ZuKNMrcJ","P Barone, G Briggs, A Burns, H Naja, Z Demertzis","b170ZuKNMrcJ","0","N/A","b170ZuKNMrcJ","https://scholarcommons.scu.edu/cgi/viewcontent.cgi?article=1023&context=idp_senior","PDF","P Barone, G Briggs, A Burns, H Naja, Z Demertzis - 2016 - scholarcommons.scu.edu","","https://scholarcommons.scu.edu/cgi/viewcontent.cgi?article=1023&context=idp_senior","N/A","https://scholar.google.com/scholar?q=related:b170ZuKNMrcJ:scholar.google.com/&scioq=user+interface+for+ros,+robotwebtools,+web+app+for+point+cloud+real-time+monitoring&hl=en&as_sdt=0,5","84","… on how to visualize ROS data via a web-page we discovered the RobotWebTools group [?]. 
This … In the center of the page is the visualization of the LIDAR point cloud using the ros3djs …","scholarcommons.scu.edu","RSL Rover","PDF","3","https://scholar.google.com/scholar?cluster=13200769461305761391&hl=en&as_sdt=0,5","2016"
"HxkOpIQQ0qgJ","LW Ridder","HxkOpIQQ0qgJ","1","https://scholar.google.com/scholar?cites=12164803705355245855&as_sdt=2005&sciodt=0,5&hl=en","HxkOpIQQ0qgJ","http://essay.utwente.nl/77036/1/vanderidder_MA_eemcs.pdf","PDF","LW Ridder - 2018 - essay.utwente.nl","","https://essay.utwente.nl/77036/","N/A","https://scholar.google.com/scholar?q=related:HxkOpIQQ0qgJ:scholar.google.com/&scioq=user+interface+for+ros,+robotwebtools,+web+app+for+point+cloud+real-time+monitoring&hl=en&as_sdt=0,5","85","… an easy to use graphical user interface based method to … In this work, hard real-time means 
that the execution of a task … To interface with ROS, the RobotWebTools ROS package is …","essay.utwente.nl","Improvements to a tool-chain for model-driven design of Embedded Control Software","ARTICLE","2","https://scholar.google.com/scholar?cluster=12164803705355245855&hl=en&as_sdt=0,5","2018"
"p7VRQM-Rk9kJ","J Sung, SH Jin, A Saxena","p7VRQM-Rk9kJ","79","https://scholar.google.com/scholar?cites=15678035047130183079&as_sdt=2005&sciodt=0,5&hl=en","p7VRQM-Rk9kJ","https://arxiv.org/pdf/1504.03071","PDF","J Sung, SH Jin, A Saxena - Robotics Research: Volume 2, 2018 - Springer","","https://link.springer.com/chapter/10.1007/978-3-319-60916-4_40","Robotics Research: Volume 2","https://scholar.google.com/scholar?q=related:p7VRQM-Rk9kJ:scholar.google.com/&scioq=user+interface+for+ros,+robotwebtools,+web+app+for+point+cloud+real-time+monitoring&hl=en&as_sdt=0,5","86","… [25], but they are limited by tracking performance of a vision algorithm. Many objects that … 
We thank Ian Lenz and Ross Knepper for useful discussions. This research was funded in …","Springer","Robobarista: Object part based transfer of manipulation trajectories from crowd-sourcing in 3d pointclouds","ARTICLE","13","https://scholar.google.com/scholar?cluster=15678035047130183079&hl=en&as_sdt=0,5","2018"
"EHBe1zMkt9kJ","E Coccolo, C Delea, F Steinmetz…","EHBe1zMkt9kJ","7","https://scholar.google.com/scholar?cites=15688047632043634704&as_sdt=2005&sciodt=0,5&hl=en","EHBe1zMkt9kJ","https://ieeexplore.ieee.org/iel7/48/10183384/10061854.pdf","PDF","E Coccolo, C Delea, F Steinmetz… - IEEE journal of …, 2023 - ieeexplore.ieee.org","","https://ieeexplore.ieee.org/abstract/document/10061854/","IEEE journal of …","https://scholar.google.com/scholar?q=related:EHBe1zMkt9kJ:scholar.google.com/&scioq=user+interface+for+ros,+robotwebtools,+web+app+for+point+cloud+real-time+monitoring&hl=en&as_sdt=0,5","87","… monitoring station, and a real-time web-based user interface… Web Tools project [38] created 
an open-source framework for communicating with ROS compliant robotic systems over web …","ieeexplore.ieee.org","System architecture and communication infrastructure for the RoboVaaS project","ARTICLE","9","https://scholar.google.com/scholar?cluster=15688047632043634704&hl=en&as_sdt=0,5","2023"
"CNEDnJkcoQYJ","F Bazzano, F Lamberti, A Sanna…","CNEDnJkcoQYJ","7","https://scholar.google.com/scholar?cites=477694481551053064&as_sdt=2005&sciodt=0,5&hl=en","CNEDnJkcoQYJ","https://pdfs.semanticscholar.org/1f68/6f7cda326c4aaa74ece4b0349c6857890457.pdf","PDF","F Bazzano, F Lamberti, A Sanna… - VISIGRAPP (2 …, 2017 - pdfs.semanticscholar.org","","https://pdfs.semanticscholar.org/1f68/6f7cda326c4aaa74ece4b0349c6857890457.pdf","VISIGRAPP (2 …","https://scholar.google.com/scholar?q=related:CNEDnJkcoQYJ:scholar.google.com/&scioq=user+interface+for+ros,+robotwebtools,+web+app+for+point+cloud+real-time+monitoring&hl=en&as_sdt=0,5","88","… tem (ROS)-based platform for cloud robotics created by TIM. … of the robot is shown in real 
time. In particular, a yellow … Web application, which communicates with the robot and the …","pdfs.semanticscholar.org","Comparing Usability of User Interfaces for Robotic Telepresence.","PDF","4","https://scholar.google.com/scholar?cluster=477694481551053064&hl=en&as_sdt=0,5","2017"
"xZgVqJprmgsJ","AJ Nahari","xZgVqJprmgsJ","1","https://scholar.google.com/scholar?cites=836098992819771589&as_sdt=2005&sciodt=0,5&hl=en","xZgVqJprmgsJ","https://etd.ohiolink.edu/acprod/odb_etd/ws/send_file/send?accession=case153260922930446&disposition=inline","PDF","AJ Nahari - 2019 - rave.ohiolink.edu","","https://rave.ohiolink.edu/etdc/view?acc_num=case153260922930446","N/A","https://scholar.google.com/scholar?q=related:xZgVqJprmgsJ:scholar.google.com/&scioq=user+interface+for+ros,+robotwebtools,+web+app+for+point+cloud+real-time+monitoring&hl=en&as_sdt=0,5","89","… one needs ROS Hydro or a newer ROS edition (ROS Kinetic … are responsible for providing 
real time tracking of the position … This section presents the means for display of point clouds …","rave.ohiolink.edu","Creating a Data Acquisition Platform for Robot Skill Training","ARTICLE","3","https://scholar.google.com/scholar?cluster=836098992819771589&hl=en&as_sdt=0,5","2019"
"bN9bzRnRxUsJ","A Schoen, C Henrichs, M Strohkirch…","bN9bzRnRxUsJ","13","https://scholar.google.com/scholar?cites=5460000032006332268&as_sdt=2005&sciodt=0,5&hl=en","bN9bzRnRxUsJ","https://dl.acm.org/doi/pdf/10.1145/3379337.3415872","PDF","A Schoen, C Henrichs, M Strohkirch… - … on user interface software …, 2020 - dl.acm.org","","https://dl.acm.org/doi/abs/10.1145/3379337.3415872","… on user interface software …","https://scholar.google.com/scholar?q=related:bN9bzRnRxUsJ:scholar.google.com/&scioq=user+interface+for+ros,+robotwebtools,+web+app+for+point+cloud+real-time+monitoring&hl=en&as_sdt=0,5","90","… on the workspace, meaning real-time dynamics and variablity are … web framework [15] as 
a browserbased application, which connects to a ROS-based server using Robot Web Tools …","dl.acm.org","Authr: A task authoring environment for human-robot teams","ARTICLE","3","https://scholar.google.com/scholar?cluster=5460000032006332268&hl=en&as_sdt=0,5","2020"
"znTctPsHC2EJ","IS Cardenas, PK Paladugula…","znTctPsHC2EJ","2","https://scholar.google.com/scholar?cites=6992691624075359438&as_sdt=2005&sciodt=0,5&hl=en","znTctPsHC2EJ","N/A","N/A","IS Cardenas, PK Paladugula… - 2020 IEEE International …, 2020 - ieeexplore.ieee.org","","https://ieeexplore.ieee.org/abstract/document/9216366/","2020 IEEE International …","https://scholar.google.com/scholar?q=related:znTctPsHC2EJ:scholar.google.com/&scioq=user+interface+for+ros,+robotwebtools,+web+app+for+point+cloud+real-time+monitoring&hl=en&as_sdt=0,5","91","… The cloud”, simplified the management of physical hardware … of cloud computing - it offers 
the possibility of real-time and … temporally store ROS topic data, given that ROS Bag presents …","ieeexplore.ieee.org","Large Scale Distributed Data Processing for a Network of Humanoid Telepresence Robots","ARTICLE","0","N/A","2020"
"lhmadVOhY6QJ","J Clotet Ginovart","lhmadVOhY6QJ","0","N/A","lhmadVOhY6QJ","https://upcommons.upc.edu/bitstream/handle/2117/340410/153464.pdf?sequence=1","PDF","J Clotet Ginovart - 2020 - upcommons.upc.edu","","https://upcommons.upc.edu/handle/2117/340410","N/A","https://scholar.google.com/scholar?q=related:lhmadVOhY6QJ:scholar.google.com/&scioq=user+interface+for+ros,+robotwebtools,+web+app+for+point+cloud+real-time+monitoring&hl=en&as_sdt=0,5","92","… ROS, with some parts of the code that perform a specific function, such as the user interface, 
being able not to follow the ROS … Cat's camera is recording in real time. This UI will be a non-…","upcommons.upc.edu","Manufacturing of a mobile robot for games and surveillance: Kit-cat","ARTICLE","0","N/A","2020"
"Y5qlW_yBKuEJ","A de Jesus Gradil","Y5qlW_yBKuEJ","0","N/A","Y5qlW_yBKuEJ","N/A","N/A","A de Jesus Gradil - 2019 - search.proquest.com","","https://search.proquest.com/openview/c5b267b7206fdf91d3f2c9595e1c7b75/1?pq-origsite=gscholar&cbl=2026366&diss=y","N/A","https://scholar.google.com/scholar?q=related:Y5qlW_yBKuEJ:scholar.google.com/&scioq=user+interface+for+ros,+robotwebtools,+web+app+for+point+cloud+real-time+monitoring&hl=en&as_sdt=0,5","93","… on the design and development of a ROS-based remote 3D … of a great variety of applications, 
RobotWebTools [26] created … to see both RGB messages and point clouds in a HTML <…","search.proquest.com","Development of a Remote 3D Visualisation, Control and Simulation Framework for a Robotic Head","ARTICLE","0","N/A","2019"
"xUuSNjMmiLAJ","MB Mjelva","xUuSNjMmiLAJ","0","N/A","xUuSNjMmiLAJ","https://ntnuopen.ntnu.no/ntnu-xmlui/bitstream/handle/11250/2563987/18698_FULLTEXT.pdf?sequence=1","PDF","MB Mjelva - 2018 - ntnuopen.ntnu.no","","https://ntnuopen.ntnu.no/ntnu-xmlui/handle/11250/2563987","N/A","https://scholar.google.com/scholar?q=related:xUuSNjMmiLAJ:scholar.google.com/&scioq=user+interface+for+ros,+robotwebtools,+web+app+for+point+cloud+real-time+monitoring&hl=en&as_sdt=0,5","94","… it possible to visualize the execution of the tree in real time. … from ROS in an outside application, 
the Robot Web Tools project … , which is the base class for all user interface objects in Qt. …","ntnuopen.ntnu.no","Control System and Object Detection System for the NTNU Cyborg","ARTICLE","0","N/A","2018"
"P667mrVIklsJ","L Kästner, R Carstens, C Liebig, V Shcherbyna…","P667mrVIklsJ","0","N/A","P667mrVIklsJ","https://arxiv.org/pdf/2302.02898","PDF","L Kästner, R Carstens, C Liebig, V Shcherbyna… - arXiv preprint arXiv …, 2023 - arxiv.org","","https://arxiv.org/abs/2302.02898","arXiv preprint arXiv …","https://scholar.google.com/scholar?q=related:P667mrVIklsJ:scholar.google.com/&scioq=user+interface+for+ros,+robotwebtools,+web+app+for+point+cloud+real-time+monitoring&hl=en&as_sdt=0,5","95","… major ROS functionalities via rosbridge as a web app, … Chernova, “Robot web tools: Efficient 
messaging for cloud robotics,” … Khatib, “Real-time obstacle avoidance for manipulators and …","arxiv.org","Arena-Web--A Web-based Development and Benchmarking Platform for Autonomous Navigation Approaches","ARTICLE","3","https://scholar.google.com/scholar?cluster=6598416348873469503&hl=en&as_sdt=0,5","2023"
"OgC8NdGJxBsJ","K Manning, R Jang, A Rajagopalan, J Spoehr","OgC8NdGJxBsJ","0","N/A","OgC8NdGJxBsJ","https://www.academia.edu/download/87858061/robotics_and_the_digital_shipyard.pdf","PDF","K Manning, R Jang, A Rajagopalan, J Spoehr - 2021 - academia.edu","","https://www.academia.edu/download/87858061/robotics_and_the_digital_shipyard.pdf","N/A","https://scholar.google.com/scholar?q=related:OgC8NdGJxBsJ:scholar.google.com/&scioq=user+interface+for+ros,+robotwebtools,+web+app+for+point+cloud+real-time+monitoring&hl=en&as_sdt=0,5","96","… enables Cobots to display their runtime data in real-time for … to enable location and status 
tracking of items and people as well … Web Tools is a software package for ROS that allows web …","academia.edu","Ann-Louise Hordacre and Cecilia Moretti Australian Industrial Transformation Institute March 2021","PDF","2","https://scholar.google.com/scholar?cluster=2000875666102026298&hl=en&as_sdt=0,5","2021"
"KdG6flVBha8J","A Tiwari, N Patel, S Kumar","KdG6flVBha8J","0","N/A","KdG6flVBha8J","https://www.e-afr.org/login/pdf/6857.pdf","PDF","A Tiwari, N Patel, S Kumar - Ann. For. Res, 2022 - e-afr.org","","https://www.e-afr.org/login/pdf/6857.pdf","Ann. For. Res","https://scholar.google.com/scholar?q=related:KdG6flVBha8J:scholar.google.com/&scioq=user+interface+for+ros,+robotwebtools,+web+app+for+point+cloud+real-time+monitoring&hl=en&as_sdt=0,5","97","… the real robot using point cloud analysis, and generate … : We use a Robotiq Adaptive 3-Finger 
Gripper coupled to a ROS … would be made available by robot web tools project, is used to …","e-afr.org","ANALYSIS OF CO-LOCATED MIXED REALITY HUMAN-ROBOT INTERACTION USING MULTIMODAL HEADING AND POINTING GESTURES","PDF","0","N/A","2022"
"qWjf14UsgMQJ","Ł Sobczak, K Filus, J Domańska, A Domański","qWjf14UsgMQJ","5","https://scholar.google.com/scholar?cites=14159366181816854697&as_sdt=2005&sciodt=0,5&hl=en","qWjf14UsgMQJ","https://www.nature.com/articles/s41598-022-22938-y","HTML","Ł Sobczak, K Filus, J Domańska, A Domański - Scientific Reports, 2022 - nature.com","","https://www.nature.com/articles/s41598-022-22938-y","Scientific Reports","https://scholar.google.com/scholar?q=related:qWjf14UsgMQJ:scholar.google.com/&scioq=user+interface+for+ros,+robotwebtools,+web+app+for+point+cloud+real-time+monitoring&hl=en&as_sdt=0,5","98","… based on the encoder data in real time. Unfortunately, wheel … Therefore, LiDAR point clouds 
are the most reliable data for … for performance evaluation (than eg ROS Stage), in this sense …","nature.com","Finding the best hardware configuration for 2D SLAM in indoor environments via simulation based on Google Cartographer","HTML","9","https://scholar.google.com/scholar?cluster=14159366181816854697&hl=en&as_sdt=0,5","2022"
"m-Cjmmmz0iIJ","C Weigel","m-Cjmmmz0iIJ","0","N/A","m-Cjmmmz0iIJ","https://scholarworks.calstate.edu/downloads/z603r5513","PDF","C Weigel - 2023 - scholarworks.calstate.edu","","https://scholarworks.calstate.edu/downloads/z603r5513","N/A","https://scholar.google.com/scholar?q=related:m-Cjmmmz0iIJ:scholar.google.com/&scioq=user+interface+for+ros,+robotwebtools,+web+app+for+point+cloud+real-time+monitoring&hl=en&as_sdt=0,5","99","… to apply these to real time applications like autonomous … ”seed” points and an efficient 
tracking via clustering algorithm… image and point cloud data is structured in ROS versus deep …","scholarworks.calstate.edu","LIDAR AND CAMERA SCENE UNDERSTANDING METHODS AND THE CONSTRUCTION OF A SMALL-SCALE AUTONOMOUS VEHICLE","PDF","0","N/A","2023"
